candidate_id,current_rank,overall_quality,elite_strong_medium_weak,trust_level,primary_strength,primary_risk,should_move_up,should_move_down,notes
CAND_0046064,1,Excellent interview-first profile,ELITE,MEDIUM,"Strongest family: vector search. search_ranking `candidate-jd matching` L5 at Salesforce / Senior NLP Engineer: Fine-tuned LLaMA-2-7B and Mistral-7B variants using LoRA and QLoRA for domain-specific candidate-JD matching. | search_ranking `learning-to-rank` L5 at Verloop.io / Lead AI Engineer: The architecture combined BM25 + dense retrieval (BGE embeddings, FAISS HNSW) with an LLM-based re-ranker on the top-...",degree_order_reversal; skills_current_role_mismatch; skills_headline_mismatch,NO,NO,gold=ELITE; final=0.821; search=0.96; retrieval=0.83; eval=0.96; trust=7.0. search_ranking `candidate-jd matching` L5 at Salesforce / Senior NLP Engineer: Fine-tuned LLaMA-2-7B and Mistral-7B variants using LoRA and QLoRA for domain-specific candidate-JD matching.
CAND_0039754,2,Excellent interview-first profile,ELITE,MEDIUM,Strongest family: vector search. search_ranking `learning-to-rank` L5 at Meta / Senior Applied Scientist: Owned the end-to-end ranking pipeline at a recommendations-heavy consumer product: candidate sourcing embedding gener... | search_ranking `ranking pipeline` L5 at Meta / Senior Applied Scientist: Owned the end-to-end ranking pipeline at a recommendations-heavy consumer product: candidate sourcing embedding gener...,current_title_description_mismatch; previous_title_description_mismatch; skills_career_history_mismatch,NO,NO,gold=ELITE; final=0.808; search=0.94; retrieval=0.96; eval=0.98; trust=9.0. search_ranking `learning-to-rank` L5 at Meta / Senior Applied Scientist: Owned the end-to-end ranking pipeline at a recommendations-heavy consumer product: candidate sourcing embedding gener...
CAND_0046525,3,Excellent interview-first profile,ELITE,HIGH,"Strongest family: evaluation. search_ranking `ranker` L5 at Genpact AI / Senior Machine Learning Engineer: Designed three successive ranker variants and ran them in A/B testing alongside the legacy keyword system. | search_ranking `learning-to-rank` L5 at LinkedIn / Senior Machine Learning Engineer: The architecture combined BM25 + dense retrieval (BGE embeddings, FAISS HNSW) with an LLM-based re-ranker on the top-...",No major V2 trust risk; still verify synthetic profile realism.,NO,NO,gold=ELITE; final=0.786; search=0.85; retrieval=0.89; eval=0.96; trust=0.0. search_ranking `ranker` L5 at Genpact AI / Senior Machine Learning Engineer: Designed three successive ranker variants and ran them in A/B testing alongside the legacy keyword system.
CAND_0081846,4,Excellent interview-first profile,ELITE,HIGH,"Strongest family: vector search. search_ranking `learning-to-rank` L5 at Razorpay / Lead AI Engineer: The architecture combined BM25 + dense retrieval (BGE embeddings, FAISS HNSW) with an LLM-based re-ranker on the top-... | search_ranking `ranking pipeline` L5 at Razorpay / Lead AI Engineer: Built a RAG-based ranking pipeline serving 50M+ queries per month for an internal recruiter-facing search product.",skills_current_role_mismatch; skills_headline_mismatch,NO,NO,"gold=ELITE; final=0.785; search=0.83; retrieval=0.94; eval=0.96; trust=3.0. search_ranking `learning-to-rank` L5 at Razorpay / Lead AI Engineer: The architecture combined BM25 + dense retrieval (BGE embeddings, FAISS HNSW) with an LLM-based re-ranker on the top-..."
CAND_0005260,5,Excellent interview-first profile,ELITE,HIGH,"Strongest family: evaluation. search_ranking `candidate-jd matching` L5 at Netflix / Senior NLP Engineer: Fine-tuned LLaMA-2-7B and Mistral-7B variants using LoRA and QLoRA for domain-specific candidate-JD matching. | search_ranking `learning-to-rank` L5 at Yellow.ai / Senior NLP Engineer: The architecture combined BM25 + dense retrieval (BGE embeddings, FAISS HNSW) with an LLM-based re-ranker on the top-...",No major V2 trust risk; still verify synthetic profile realism.,NO,NO,gold=ELITE; final=0.784; search=0.85; retrieval=0.74; eval=0.94; trust=0.0. search_ranking `candidate-jd matching` L5 at Netflix / Senior NLP Engineer: Fine-tuned LLaMA-2-7B and Mistral-7B variants using LoRA and QLoRA for domain-specific candidate-JD matching.
CAND_0092278,6,Excellent interview-first profile,ELITE,MEDIUM,"Strongest family: vector search. search_ranking `ranking layer` L5 at Microsoft / Senior NLP Engineer: The system combined collaborative filtering (matrix factorization), content-based features (TF-IDF + sentence-transfo... | search_ranking `re-ranking` L5 at Microsoft / Senior NLP Engineer: The system combined collaborative filtering (matrix factorization), content-based features (TF-IDF + sentence-transfo...",template repetition; template_repetition,NO,NO,"gold=ELITE; final=0.778; search=0.95; retrieval=0.74; eval=0.94; trust=8.0. search_ranking `ranking layer` L5 at Microsoft / Senior NLP Engineer: The system combined collaborative filtering (matrix factorization), content-based features (TF-IDF + sentence-transfo..."
CAND_0018499,7,Strong interview profile,STRONG,MEDIUM,"Strongest family: evaluation. search_ranking `learning-to-rank` L5 at Zomato / Senior Machine Learning Engineer: The architecture combined BM25 + dense retrieval (BGE embeddings, FAISS HNSW) with an LLM-based re-ranker on the top-... | search_ranking `ranking pipeline` L5 at Zomato / Senior Machine Learning Engineer: Built a RAG-based ranking pipeline serving 50M+ queries per month for an internal recruiter-facing search product.",template repetition; graduation_after_employment_start; template_repetition,NO,YES,"gold=STRONG; final=0.774; search=0.96; retrieval=0.92; eval=1.00; trust=11.0. search_ranking `learning-to-rank` L5 at Zomato / Senior Machine Learning Engineer: The architecture combined BM25 + dense retrieval (BGE embeddings, FAISS HNSW) with an LLM-based re-ranker on the top-..."
CAND_0008425,8,Strong interview profile,STRONG,HIGH,Strongest family: vector search. search_ranking `candidate-jd matching` L5 at Zomato / Senior ML Engineer — Search & Ranking: Fine-tuned LLaMA-2-7B and Mistral-7B variants using LoRA and QLoRA for domain-specific candidate-JD matching. | search_ranking `learning-to-rank` L5 at Amazon / Lead AI Engineer: Owned the end-to-end ranking pipeline at a recommendations-heavy consumer product: candidate sourcing embedding gener...,skills_current_role_mismatch; skills_headline_mismatch,NO,NO,gold=STRONG; final=0.769; search=0.83; retrieval=0.87; eval=0.68; trust=3.0. search_ranking `candidate-jd matching` L5 at Zomato / Senior ML Engineer - Search & Ranking: Fine-tuned LLaMA-2-7B and Mistral-7B variants using LoRA and QLoRA for domain-specific candidate-JD matching.
CAND_0088025,9,Strong interview profile,STRONG,MEDIUM,Strongest family: vector search. search_ranking `learning-to-rank` L5 at Yellow.ai / Staff Machine Learning Engineer: Owned the end-to-end ranking pipeline at a recommendations-heavy consumer product: candidate sourcing embedding gener... | search_ranking `ranking pipeline` L5 at Yellow.ai / Staff Machine Learning Engineer: Owned the end-to-end ranking pipeline at a recommendations-heavy consumer product: candidate sourcing embedding gener...,template repetition; template_repetition,NO,YES,gold=STRONG; final=0.758; search=0.93; retrieval=0.84; eval=0.76; trust=8.0. search_ranking `learning-to-rank` L5 at Yellow.ai / Staff Machine Learning Engineer: Owned the end-to-end ranking pipeline at a recommendations-heavy consumer product: candidate sourcing embedding gener...
CAND_0055905,10,Excellent interview-first profile,ELITE,MEDIUM,"Strongest family: vector search. search_ranking `candidate-jd matching` L5 at Uber / Senior AI Engineer: Fine-tuned LLaMA-2-7B and Mistral-7B variants using LoRA and QLoRA for domain-specific candidate-JD matching. | search_ranking `learning-to-rank` L5 at Rephrase.ai / Senior Applied Scientist: The architecture combined BM25 + dense retrieval (BGE embeddings, FAISS HNSW) with an LLM-based re-ranker on the top-...",degree_order_reversal; previous_title_description_mismatch; skills_current_role_mismatch,NO,NO,gold=ELITE; final=0.752; search=0.85; retrieval=0.94; eval=0.96; trust=9.0. search_ranking `candidate-jd matching` L5 at Uber / Senior AI Engineer: Fine-tuned LLaMA-2-7B and Mistral-7B variants using LoRA and QLoRA for domain-specific candidate-JD matching.
CAND_0053695,11,Strong interview profile,STRONG,MEDIUM,"Strongest family: search ranking. search_ranking `ranking model` L5 at Meesho / Recommendation Systems Engineer: Trained and shipped multiple ranking models for our product's discovery feed using XGBoost and LightGBM. | search_ranking `learning-to-rank` L5 at Genpact AI / Machine Learning Engineer: Owned the ranking layer for an e-commerce search product, evolving it from a hand-tuned scoring function to a learnin...",current_title_description_mismatch; skills_current_role_mismatch,NO,NO,gold=STRONG; final=0.724; search=0.82; retrieval=0.77; eval=0.73; trust=5.0. search_ranking `ranking model` L5 at Meesho / Recommendation Systems Engineer: Trained and shipped multiple ranking models for our product's discovery feed using XGBoost and LightGBM.
CAND_0086022,12,Excellent interview-first profile,ELITE,MEDIUM,"Strongest family: evaluation. search_ranking `learning-to-rank` L5 at Sarvam AI / Senior Applied Scientist: The architecture combined BM25 + dense retrieval (BGE embeddings, FAISS HNSW) with an LLM-based re-ranker on the top-... | search_ranking `ranking pipeline` L5 at Sarvam AI / Senior Applied Scientist: Built a RAG-based ranking pipeline serving 50M+ queries per month for an internal recruiter-facing search product.",current_title_description_mismatch; skills_career_history_mismatch; skills_current_role_mismatch,YES,NO,"gold=ELITE; final=0.719; search=0.85; retrieval=0.87; eval=0.96; trust=6.0. search_ranking `learning-to-rank` L5 at Sarvam AI / Senior Applied Scientist: The architecture combined BM25 + dense retrieval (BGE embeddings, FAISS HNSW) with an LLM-based re-ranker on the top-..."
CAND_0094759,13,Excellent interview-first profile,ELITE,MEDIUM,"Strongest family: evaluation. search_ranking `ranker` L5 at Meta / Lead AI Engineer: Designed three successive ranker variants and ran them in A/B testing alongside the legacy keyword system. | search_ranking `learning-to-rank` L5 at Apple / Senior NLP Engineer: The architecture combined BM25 + dense retrieval (BGE embeddings, FAISS HNSW) with an LLM-based re-ranker on the top-...",template repetition; previous_title_description_mismatch; template_repetition,YES,NO,gold=ELITE; final=0.716; search=0.92; retrieval=0.94; eval=0.98; trust=10.0. search_ranking `ranker` L5 at Meta / Lead AI Engineer: Designed three successive ranker variants and ran them in A/B testing alongside the legacy keyword system.
CAND_0041611,14,Excellent interview-first profile,ELITE,MEDIUM,"Strongest family: vector search. search_ranking `learning-to-rank` L5 at Locobuzz / Staff Machine Learning Engineer: The architecture combined BM25 + dense retrieval (BGE embeddings, FAISS HNSW) with an LLM-based re-ranker on the top-... | search_ranking `ranking pipeline` L5 at Locobuzz / Staff Machine Learning Engineer: Built a RAG-based ranking pipeline serving 50M+ queries per month for an internal recruiter-facing search product.",previous_title_description_mismatch; signup_after_last_active,YES,NO,"gold=ELITE; final=0.713; search=0.85; retrieval=0.97; eval=0.98; trust=7.0. search_ranking `learning-to-rank` L5 at Locobuzz / Staff Machine Learning Engineer: The architecture combined BM25 + dense retrieval (BGE embeddings, FAISS HNSW) with an LLM-based re-ranker on the top-..."
CAND_0077337,15,Strong interview profile,STRONG,MEDIUM,"Strongest family: retrieval. search_ranking `ranking layer` L5 at Paytm / Staff Machine Learning Engineer: The system combined collaborative filtering (matrix factorization), content-based features (TF-IDF + sentence-transfo... | search_ranking `re-ranking` L5 at Paytm / Staff Machine Learning Engineer: The system combined collaborative filtering (matrix factorization), content-based features (TF-IDF + sentence-transfo...",template repetition; skills_current_role_mismatch; skills_headline_mismatch; template_repetition,NO,YES,"gold=STRONG; final=0.711; search=0.79; retrieval=0.96; eval=0.76; trust=11.0. search_ranking `ranking layer` L5 at Paytm / Staff Machine Learning Engineer: The system combined collaborative filtering (matrix factorization), content-based features (TF-IDF + sentence-transfo..."
CAND_0091534,16,Excellent interview-first profile,ELITE,HIGH,"Strongest family: evaluation. search_ranking `learning-to-rank` L5 at Flipkart / AI Engineer: Owned the ranking layer for an e-commerce search product, evolving it from a hand-tuned scoring function to a learnin... | search_ranking `ranking layer` L5 at Flipkart / AI Engineer: Owned the ranking layer for an e-commerce search product, evolving it from a hand-tuned scoring function to a learnin...",No major V2 trust risk; still verify synthetic profile realism.,YES,NO,"gold=ELITE; final=0.711; search=0.74; retrieval=0.71; eval=0.83; trust=0.0. search_ranking `learning-to-rank` L5 at Flipkart / AI Engineer: Owned the ranking layer for an e-commerce search product, evolving it from a hand-tuned scoring function to a learnin..."
CAND_0018722,17,Strong interview profile,STRONG,LOW,"Strongest family: evaluation. search_ranking `learning-to-rank` L5 at Unacademy / Machine Learning Engineer: Owned the ranking layer for an e-commerce search product, evolving it from a hand-tuned scoring function to a learnin... | search_ranking `ranking layer` L5 at Unacademy / Machine Learning Engineer: Owned the ranking layer for an e-commerce search product, evolving it from a hand-tuned scoring function to a learnin...",template repetition; current_title_description_mismatch; current_title_evidence_mismatch; skills_current_role_mismatch,NO,YES,"gold=STRONG; final=0.702; search=0.91; retrieval=0.72; eval=0.94; trust=18.0. search_ranking `learning-to-rank` L5 at Unacademy / Machine Learning Engineer: Owned the ranking layer for an e-commerce search product, evolving it from a hand-tuned scoring function to a learnin..."
CAND_0010685,18,Excellent interview-first profile,ELITE,HIGH,"Strongest family: search ranking. search_ranking `learning-to-rank` L5 at Rephrase.ai / NLP Engineer: Owned the ranking layer for an e-commerce search product, evolving it from a hand-tuned scoring function to a learnin... | search_ranking `ranking layer` L5 at Rephrase.ai / NLP Engineer: Owned the ranking layer for an e-commerce search product, evolving it from a hand-tuned scoring function to a learnin...",previous_title_description_mismatch,YES,NO,"gold=ELITE; final=0.701; search=0.82; retrieval=0.75; eval=0.73; trust=2.0. search_ranking `learning-to-rank` L5 at Rephrase.ai / NLP Engineer: Owned the ranking layer for an e-commerce search product, evolving it from a hand-tuned scoring function to a learnin..."
CAND_0010770,19,Acceptable but not interview-first,MEDIUM,LOW,"Strongest family: retrieval. search_ranking `ranking model` L5 at Aganitha / Recommendation Systems Engineer: Trained and shipped multiple ranking models for our product's discovery feed using XGBoost and LightGBM. | search_ranking `learning-to-rank` L5 at Observe.AI / Senior Data Scientist: Owned the ranking layer for an e-commerce search product, evolving it from a hand-tuned scoring function to a learnin...",template repetition; current_title_description_mismatch; moderate_career_incoherence; skills_current_role_mismatch,NO,YES,gold=MEDIUM; final=0.698; search=0.87; retrieval=0.90; eval=0.73; trust=15.0. search_ranking `ranking model` L5 at Aganitha / Recommendation Systems Engineer: Trained and shipped multiple ranking models for our product's discovery feed using XGBoost and LightGBM.
CAND_0076904,20,Strong interview profile,STRONG,HIGH,"Strongest family: evaluation. search_ranking `learning-to-rank` L5 at Nykaa / Senior Data Scientist: Owned the ranking layer for an e-commerce search product, evolving it from a hand-tuned scoring function to a learnin... | search_ranking `ranking layer` L5 at Nykaa / Senior Data Scientist: Owned the ranking layer for an e-commerce search product, evolving it from a hand-tuned scoring function to a learnin...",No major V2 trust risk; still verify synthetic profile realism.,NO,NO,"gold=STRONG; final=0.694; search=0.74; retrieval=0.76; eval=0.76; trust=0.0. search_ranking `learning-to-rank` L5 at Nykaa / Senior Data Scientist: Owned the ranking layer for an e-commerce search product, evolving it from a hand-tuned scoring function to a learnin..."
CAND_0081686,21,Acceptable but not interview-first,MEDIUM,MEDIUM,"Strongest family: vector search. search_ranking `learning-to-rank` L5 at Netflix / Search Engineer: Owned the ranking layer for an e-commerce search product, evolving it from a hand-tuned scoring function to a learnin... | search_ranking `ranking layer` L5 at Netflix / Search Engineer: Owned the ranking layer for an e-commerce search product, evolving it from a hand-tuned scoring function to a learnin...",current_title_description_mismatch; previous_title_description_mismatch; skills_career_history_mismatch,NO,YES,"gold=MEDIUM; final=0.692; search=0.74; retrieval=0.69; eval=0.82; trust=8.0. search_ranking `learning-to-rank` L5 at Netflix / Search Engineer: Owned the ranking layer for an e-commerce search product, evolving it from a hand-tuned scoring function to a learnin..."
CAND_0057563,22,Acceptable but not interview-first,MEDIUM,MEDIUM,"Strongest family: vector search. search_ranking `learning-to-rank` L5 at Locobuzz / NLP Engineer: Owned the ranking layer for an e-commerce search product, evolving it from a hand-tuned scoring function to a learnin... | search_ranking `ranking layer` L5 at Locobuzz / NLP Engineer: Owned the ranking layer for an e-commerce search product, evolving it from a hand-tuned scoring function to a learnin...",degree_order_reversal; graduation_after_employment_start; previous_title_description_mismatch,NO,YES,"gold=MEDIUM; final=0.686; search=0.74; retrieval=0.78; eval=0.82; trust=9.0. search_ranking `learning-to-rank` L5 at Locobuzz / NLP Engineer: Owned the ranking layer for an e-commerce search product, evolving it from a hand-tuned scoring function to a learnin..."
CAND_0055992,23,Acceptable but not interview-first,MEDIUM,MEDIUM,"Strongest family: vector search. search_ranking `learning-to-rank` L5 at Ola / Machine Learning Engineer: Owned the ranking layer for an e-commerce search product, evolving it from a hand-tuned scoring function to a learnin... | search_ranking `ranking layer` L5 at Ola / Machine Learning Engineer: Owned the ranking layer for an e-commerce search product, evolving it from a hand-tuned scoring function to a learnin...",degree_order_reversal; graduation_after_employment_start; previous_title_description_mismatch,NO,YES,"gold=MEDIUM; final=0.686; search=0.74; retrieval=0.73; eval=0.89; trust=10.0. search_ranking `learning-to-rank` L5 at Ola / Machine Learning Engineer: Owned the ranking layer for an e-commerce search product, evolving it from a hand-tuned scoring function to a learnin..."
CAND_0086151,24,Acceptable but not interview-first,MEDIUM,MEDIUM,"Strongest family: recommendation. search_ranking `learning-to-rank` L5 at Wysa / Recommendation Systems Engineer: Owned the ranking layer for an e-commerce search product, evolving it from a hand-tuned scoring function to a learnin... | search_ranking `ranking layer` L5 at Wysa / Recommendation Systems Engineer: Owned the ranking layer for an e-commerce search product, evolving it from a hand-tuned scoring function to a learnin...",current_title_description_mismatch; previous_title_description_mismatch; skills_career_history_mismatch,NO,YES,"gold=MEDIUM; final=0.685; search=0.74; retrieval=0.72; eval=0.82; trust=9.0. search_ranking `learning-to-rank` L5 at Wysa / Recommendation Systems Engineer: Owned the ranking layer for an e-commerce search product, evolving it from a hand-tuned scoring function to a learnin..."
CAND_0050454,25,Strong interview profile,STRONG,MEDIUM,"Strongest family: retrieval. search_ranking `learning-to-rank` L5 at Uber / Machine Learning Engineer: Owned the ranking layer for an e-commerce search product, evolving it from a hand-tuned scoring function to a learnin... | search_ranking `ranking layer` L5 at Uber / Machine Learning Engineer: Owned the ranking layer for an e-commerce search product, evolving it from a hand-tuned scoring function to a learnin...",template repetition; template_repetition,NO,NO,"gold=STRONG; final=0.683; search=0.80; retrieval=0.91; eval=0.76; trust=8.0. search_ranking `learning-to-rank` L5 at Uber / Machine Learning Engineer: Owned the ranking layer for an e-commerce search product, evolving it from a hand-tuned scoring function to a learnin..."
CAND_0030827,26,Strong interview profile,STRONG,HIGH,"Strongest family: search ranking. search_ranking `learning-to-rank` L5 at Freshworks / Senior Data Scientist: Owned the ranking layer for an e-commerce search product, evolving it from a hand-tuned scoring function to a learnin... | search_ranking `ranking layer` L5 at Freshworks / Senior Data Scientist: Owned the ranking layer for an e-commerce search product, evolving it from a hand-tuned scoring function to a learnin...",No major V2 trust risk; still verify synthetic profile realism.,NO,NO,"gold=STRONG; final=0.678; search=0.75; retrieval=0.73; eval=0.73; trust=0.0. search_ranking `learning-to-rank` L5 at Freshworks / Senior Data Scientist: Owned the ranking layer for an e-commerce search product, evolving it from a hand-tuned scoring function to a learnin..."
CAND_0071974,27,Strong interview profile,STRONG,HIGH,Strongest family: vector search. search_ranking `learning-to-rank` L5 at Netflix / Senior AI Engineer: Owned the end-to-end ranking pipeline at a recommendations-heavy consumer product: candidate sourcing embedding gener... | search_ranking `ranking pipeline` L5 at Netflix / Senior AI Engineer: Owned the end-to-end ranking pipeline at a recommendations-heavy consumer product: candidate sourcing embedding gener...,skills_current_role_mismatch; skills_headline_mismatch,NO,NO,gold=STRONG; final=0.675; search=0.90; retrieval=0.48; eval=0.43; trust=3.0. search_ranking `learning-to-rank` L5 at Netflix / Senior AI Engineer: Owned the end-to-end ranking pipeline at a recommendations-heavy consumer product: candidate sourcing embedding gener...
CAND_0043228,28,Strong interview profile,STRONG,HIGH,"Strongest family: retrieval. search_ranking `learning-to-rank` L5 at Zoho / Applied ML Engineer: Owned the ranking layer for an e-commerce search product, evolving it from a hand-tuned scoring function to a learnin... | search_ranking `ranking layer` L5 at Zoho / Applied ML Engineer: Owned the ranking layer for an e-commerce search product, evolving it from a hand-tuned scoring function to a learnin...",previous_title_description_mismatch,NO,NO,"gold=STRONG; final=0.672; search=0.75; retrieval=0.77; eval=0.73; trust=2.0. search_ranking `learning-to-rank` L5 at Zoho / Applied ML Engineer: Owned the ranking layer for an e-commerce search product, evolving it from a hand-tuned scoring function to a learnin..."
CAND_0033861,29,Strong interview profile,STRONG,HIGH,"Strongest family: vector search. search_ranking `candidate-jd matching` L5 at Mad Street Den / Senior NLP Engineer: Fine-tuned LLaMA-2-7B and Mistral-7B variants using LoRA and QLoRA for domain-specific candidate-JD matching. | search_ranking `ranking layer` L5 at Paytm / Senior AI Engineer: The system combined collaborative filtering (matrix factorization), content-based features (TF-IDF + sentence-transfo...",degree_order_reversal,NO,NO,gold=STRONG; final=0.666; search=0.70; retrieval=0.81; eval=0.50; trust=4.0. search_ranking `candidate-jd matching` L5 at Mad Street Den / Senior NLP Engineer: Fine-tuned LLaMA-2-7B and Mistral-7B variants using LoRA and QLoRA for domain-specific candidate-JD matching.
CAND_0011687,30,Strong interview profile,STRONG,HIGH,Strongest family: search ranking. search_ranking `learning-to-rank` L5 at Niramai / Senior NLP Engineer: Owned the end-to-end ranking pipeline at a recommendations-heavy consumer product: candidate sourcing embedding gener... | search_ranking `ranking pipeline` L5 at Niramai / Senior NLP Engineer: Owned the end-to-end ranking pipeline at a recommendations-heavy consumer product: candidate sourcing embedding gener...,No major V2 trust risk; still verify synthetic profile realism.,NO,NO,gold=STRONG; final=0.660; search=0.78; retrieval=0.47; eval=0.57; trust=0.0. search_ranking `learning-to-rank` L5 at Niramai / Senior NLP Engineer: Owned the end-to-end ranking pipeline at a recommendations-heavy consumer product: candidate sourcing embedding gener...
CAND_0062247,31,Strong interview profile,STRONG,HIGH,"Strongest family: search ranking. search_ranking `learning-to-rank` L5 at Dream11 / NLP Engineer: Owned the ranking layer for an e-commerce search product, evolving it from a hand-tuned scoring function to a learnin... | search_ranking `ranking layer` L5 at Dream11 / NLP Engineer: Owned the ranking layer for an e-commerce search product, evolving it from a hand-tuned scoring function to a learnin...",skills_current_role_mismatch; skills_headline_mismatch,NO,NO,"gold=STRONG; final=0.654; search=0.75; retrieval=0.73; eval=0.73; trust=3.0. search_ranking `learning-to-rank` L5 at Dream11 / NLP Engineer: Owned the ranking layer for an e-commerce search product, evolving it from a hand-tuned scoring function to a learnin..."
CAND_0083307,32,Strong interview profile,STRONG,LOW,"Strongest family: evaluation. search_ranking `learning-to-rank` L5 at Netflix / Machine Learning Engineer: Owned the ranking layer for an e-commerce search product, evolving it from a hand-tuned scoring function to a learnin... | search_ranking `ranking layer` L5 at Netflix / Machine Learning Engineer: Owned the ranking layer for an e-commerce search product, evolving it from a hand-tuned scoring function to a learnin...",template repetition; current_title_description_mismatch; current_title_evidence_mismatch; skills_current_role_mismatch,NO,YES,"gold=STRONG; final=0.653; search=0.91; retrieval=0.69; eval=0.96; trust=18.0. search_ranking `learning-to-rank` L5 at Netflix / Machine Learning Engineer: Owned the ranking layer for an e-commerce search product, evolving it from a hand-tuned scoring function to a learnin..."
CAND_0093912,33,Acceptable but not interview-first,MEDIUM,LOW,"Strongest family: evaluation. search_ranking `learning-to-rank` L5 at Razorpay / Senior Data Scientist: Owned the ranking layer for an e-commerce search product, evolving it from a hand-tuned scoring function to a learnin... | search_ranking `ranking layer` L5 at Razorpay / Senior Data Scientist: Owned the ranking layer for an e-commerce search product, evolving it from a hand-tuned scoring function to a learnin...",template repetition; moderate_career_incoherence; previous_title_description_mismatch; skills_career_history_mismatch,NO,NO,"gold=MEDIUM; final=0.652; search=0.91; retrieval=0.69; eval=0.94; trust=15.0. search_ranking `learning-to-rank` L5 at Razorpay / Senior Data Scientist: Owned the ranking layer for an e-commerce search product, evolving it from a hand-tuned scoring function to a learnin..."
CAND_0027691,34,Strong interview profile,STRONG,HIGH,"Strongest family: search ranking. search_ranking `learning-to-rank` L5 at Meta / AI Engineer: Owned the ranking layer for an e-commerce search product, evolving it from a hand-tuned scoring function to a learnin... | search_ranking `ranking layer` L5 at Meta / AI Engineer: Owned the ranking layer for an e-commerce search product, evolving it from a hand-tuned scoring function to a learnin...",No major V2 trust risk; still verify synthetic profile realism.,NO,NO,"gold=STRONG; final=0.651; search=0.75; retrieval=0.69; eval=0.74; trust=0.0. search_ranking `learning-to-rank` L5 at Meta / AI Engineer: Owned the ranking layer for an e-commerce search product, evolving it from a hand-tuned scoring function to a learnin..."
CAND_0051630,35,Strong interview profile,STRONG,HIGH,"Strongest family: evaluation. search_ranking `learning-to-rank` L5 at Razorpay / Machine Learning Engineer: Owned the ranking layer for an e-commerce search product, evolving it from a hand-tuned scoring function to a learnin... | search_ranking `ranking layer` L5 at Razorpay / Machine Learning Engineer: Owned the ranking layer for an e-commerce search product, evolving it from a hand-tuned scoring function to a learnin...",No major V2 trust risk; still verify synthetic profile realism.,NO,NO,"gold=STRONG; final=0.646; search=0.74; retrieval=0.70; eval=0.74; trust=0.0. search_ranking `learning-to-rank` L5 at Razorpay / Machine Learning Engineer: Owned the ranking layer for an e-commerce search product, evolving it from a hand-tuned scoring function to a learnin..."
CAND_0007411,36,Strong interview profile,STRONG,HIGH,Strongest family: search ranking. search_ranking `learning-to-rank` L5 at Amazon / Senior Machine Learning Engineer: Owned the end-to-end ranking pipeline at a recommendations-heavy consumer product: candidate sourcing embedding gener... | search_ranking `ranking pipeline` L5 at Amazon / Senior Machine Learning Engineer: Owned the end-to-end ranking pipeline at a recommendations-heavy consumer product: candidate sourcing embedding gener...,No major V2 trust risk; still verify synthetic profile realism.,NO,NO,gold=STRONG; final=0.642; search=0.79; retrieval=0.48; eval=0.57; trust=0.0. search_ranking `learning-to-rank` L5 at Amazon / Senior Machine Learning Engineer: Owned the end-to-end ranking pipeline at a recommendations-heavy consumer product: candidate sourcing embedding gener...
CAND_0065878,37,Strong interview profile,STRONG,MEDIUM,"Strongest family: evaluation. search_ranking `learning-to-rank` L5 at Niramai / Senior Data Scientist: Owned the ranking layer for an e-commerce search product, evolving it from a hand-tuned scoring function to a learnin... | search_ranking `ranking layer` L5 at Niramai / Senior Data Scientist: Owned the ranking layer for an e-commerce search product, evolving it from a hand-tuned scoring function to a learnin...",template repetition; template_repetition; thin retrieval evidence; recommendation-heavy without enough retrieval,NO,NO,"gold=STRONG; final=0.639; search=0.96; retrieval=0.10; eval=0.99; trust=8.0. search_ranking `learning-to-rank` L5 at Niramai / Senior Data Scientist: Owned the ranking layer for an e-commerce search product, evolving it from a hand-tuned scoring function to a learnin..."
CAND_0061265,38,Strong interview profile,STRONG,MEDIUM,"Strongest family: search ranking. search_ranking `learning-to-rank` L5 at Paytm / Senior Data Scientist: Owned the ranking layer for an e-commerce search product, evolving it from a hand-tuned scoring function to a learnin... | search_ranking `ranking layer` L5 at Paytm / Senior Data Scientist: Owned the ranking layer for an e-commerce search product, evolving it from a hand-tuned scoring function to a learnin...",current_title_description_mismatch; current_title_evidence_mismatch; skills_career_history_mismatch,NO,NO,"gold=STRONG; final=0.627; search=0.75; retrieval=0.72; eval=0.73; trust=10.0. search_ranking `learning-to-rank` L5 at Paytm / Senior Data Scientist: Owned the ranking layer for an e-commerce search product, evolving it from a hand-tuned scoring function to a learnin..."
CAND_0051292,39,Strong interview profile,STRONG,HIGH,"Strongest family: evaluation. search_ranking `learning-to-rank` L5 at Freshworks / Applied ML Engineer: Owned the ranking layer for an e-commerce search product, evolving it from a hand-tuned scoring function to a learnin... | search_ranking `ranking layer` L5 at Freshworks / Applied ML Engineer: Owned the ranking layer for an e-commerce search product, evolving it from a hand-tuned scoring function to a learnin...",previous_title_description_mismatch,NO,NO,"gold=STRONG; final=0.612; search=0.74; retrieval=0.69; eval=0.81; trust=4.0. search_ranking `learning-to-rank` L5 at Freshworks / Applied ML Engineer: Owned the ranking layer for an e-commerce search product, evolving it from a hand-tuned scoring function to a learnin..."
CAND_0080766,40,Strong interview profile,STRONG,MEDIUM,"Strongest family: retrieval. search_ranking `relevance` L5 at Aganitha / Staff Machine Learning Engineer: The work spanned data infrastructure, ranking algorithms, evaluation methodology, and direct collaboration with produ... | search_ranking `ranking layer` L5 at Swiggy / Lead AI Engineer: Designed the ranking layer for the company's flagship product: how do we surface the right thing at the right time, a...",graduation_after_employment_start; skills_current_role_mismatch; skills_headline_mismatch,NO,NO,"gold=STRONG; final=0.609; search=0.63; retrieval=0.79; eval=0.70; trust=6.0. search_ranking `relevance` L5 at Aganitha / Staff Machine Learning Engineer: The work spanned data infrastructure, ranking algorithms, evaluation methodology, and direct collaboration with produ..."
CAND_0054394,41,Acceptable but not interview-first,MEDIUM,MEDIUM,"Strongest family: search ranking. search_ranking `learning-to-rank` L5 at Netflix / NLP Engineer: Owned the ranking layer for an e-commerce search product, evolving it from a hand-tuned scoring function to a learnin... | search_ranking `ranking layer` L5 at Netflix / NLP Engineer: Owned the ranking layer for an e-commerce search product, evolving it from a hand-tuned scoring function to a learnin...",current_title_description_mismatch; current_title_evidence_mismatch; skills_career_history_mismatch,NO,NO,"gold=MEDIUM; final=0.598; search=0.74; retrieval=0.68; eval=0.74; trust=11.0. search_ranking `learning-to-rank` L5 at Netflix / NLP Engineer: Owned the ranking layer for an e-commerce search product, evolving it from a hand-tuned scoring function to a learnin..."
CAND_0070485,42,Strong interview profile,STRONG,MEDIUM,"Strongest family: evaluation. search_ranking `learning-to-rank` L5 at Dream11 / Machine Learning Engineer: Owned the ranking layer for an e-commerce search product, evolving it from a hand-tuned scoring function to a learnin... | search_ranking `ranking layer` L5 at Dream11 / Machine Learning Engineer: Owned the ranking layer for an e-commerce search product, evolving it from a hand-tuned scoring function to a learnin...",current_title_description_mismatch; skills_career_history_mismatch; skills_current_role_mismatch,NO,NO,"gold=STRONG; final=0.591; search=0.74; retrieval=0.69; eval=0.74; trust=6.0. search_ranking `learning-to-rank` L5 at Dream11 / Machine Learning Engineer: Owned the ranking layer for an e-commerce search product, evolving it from a hand-tuned scoring function to a learnin..."
CAND_0001610,43,Strong interview profile,STRONG,HIGH,Strongest family: vector search. search_ranking `ranking model` L5 at Zoho / Machine Learning Engineer: Trained and shipped multiple ranking models for our product's discovery feed using XGBoost and LightGBM. | evaluation `a/b testing` L5 at Flipkart / Senior Data Scientist: Most of my time went into the feature pipeline (~200 features) and the A/B testing infrastructure.,No major V2 trust risk; still verify synthetic profile realism.,NO,NO,gold=STRONG; final=0.591; search=0.47; retrieval=0.75; eval=0.35; trust=0.0. search_ranking `ranking model` L5 at Zoho / Machine Learning Engineer: Trained and shipped multiple ranking models for our product's discovery feed using XGBoost and LightGBM.
CAND_0005649,44,Strong interview profile,STRONG,HIGH,"Strongest family: vector search. search_ranking `ranking model` L5 at Glance / Search Engineer: Trained and shipped multiple ranking models for our product's discovery feed using XGBoost and LightGBM. | search_ranking `relevance` L4 at Sarvam AI / Senior Data Scientist: Reported search-relevance improvement of 35% over the prior Elasticsearch BM25 setup, validated through human relevan...",No major V2 trust risk; still verify synthetic profile realism.,NO,NO,gold=STRONG; final=0.589; search=0.48; retrieval=0.76; eval=0.38; trust=0.0. search_ranking `ranking model` L5 at Glance / Search Engineer: Trained and shipped multiple ranking models for our product's discovery feed using XGBoost and LightGBM.
CAND_0093547,45,Strong interview profile,STRONG,MEDIUM,Strongest family: search ranking. search_ranking `learning-to-rank` L5 at PhonePe / Senior Machine Learning Engineer: Owned the end-to-end ranking pipeline at a recommendations-heavy consumer product: candidate sourcing embedding gener... | search_ranking `ranking pipeline` L5 at PhonePe / Senior Machine Learning Engineer: Owned the end-to-end ranking pipeline at a recommendations-heavy consumer product: candidate sourcing embedding gener...,template repetition; graduation_after_employment_start; template_repetition,NO,NO,gold=STRONG; final=0.585; search=0.88; retrieval=0.45; eval=0.50; trust=11.0. search_ranking `learning-to-rank` L5 at PhonePe / Senior Machine Learning Engineer: Owned the end-to-end ranking pipeline at a recommendations-heavy consumer product: candidate sourcing embedding gener...
CAND_0022812,46,Strong interview profile,STRONG,HIGH,"Strongest family: search ranking. search_ranking `ranking model` L5 at Dream11 / Applied ML Engineer: Trained and shipped multiple ranking models for our product's discovery feed using XGBoost and LightGBM. | search_ranking `learning-to-rank` L5 at Razorpay / Applied ML Engineer: Owned the ranking layer for an e-commerce search product, evolving it from a hand-tuned scoring function to a learnin...",No major V2 trust risk; still verify synthetic profile realism.,NO,NO,heuristic_label; final=0.584; search=0.76; retrieval=0.28; eval=0.73; trust=0.0. search_ranking `ranking model` L5 at Dream11 / Applied ML Engineer: Trained and shipped multiple ranking models for our product's discovery feed using XGBoost and LightGBM.
CAND_0013613,47,Strong interview profile,STRONG,HIGH,Strongest family: vector search. search_ranking `ranking model` L5 at Razorpay / Senior Data Scientist: Trained and shipped multiple ranking models for our product's discovery feed using XGBoost and LightGBM. | evaluation `a/b testing` L5 at Salesforce / Applied ML Engineer: Most of my time went into the feature pipeline (~200 features) and the A/B testing infrastructure.,No major V2 trust risk; still verify synthetic profile realism.,NO,NO,gold=STRONG; final=0.579; search=0.47; retrieval=0.68; eval=0.39; trust=0.0. search_ranking `ranking model` L5 at Razorpay / Senior Data Scientist: Trained and shipped multiple ranking models for our product's discovery feed using XGBoost and LightGBM.
CAND_0060054,48,Strong interview profile,STRONG,HIGH,Strongest family: vector search. search_ranking `ranking model` L5 at Uber / AI Engineer: Trained and shipped multiple ranking models for our product's discovery feed using XGBoost and LightGBM. | evaluation `a/b testing` L5 at Zomato / Recommendation Systems Engineer: Most of my time went into the feature pipeline (~200 features) and the A/B testing infrastructure.,previous_title_description_mismatch,NO,NO,gold=STRONG; final=0.578; search=0.47; retrieval=0.69; eval=0.39; trust=2.0. search_ranking `ranking model` L5 at Uber / AI Engineer: Trained and shipped multiple ranking models for our product's discovery feed using XGBoost and LightGBM.
CAND_0030953,49,Strong interview profile,STRONG,LOW,Strongest family: vector search. search_ranking `ranking model` L5 at Nykaa / Search Engineer: Trained and shipped multiple ranking models for our product's discovery feed using XGBoost and LightGBM. | search_ranking `ranking model` L5 at Observe.AI / Machine Learning Engineer: Trained and shipped multiple ranking models for our product's discovery feed using XGBoost and LightGBM.,template repetition; current_title_description_mismatch; skills_current_role_mismatch; template_repetition,NO,NO,gold=STRONG; final=0.569; search=0.64; retrieval=0.71; eval=0.60; trust=13.0. search_ranking `ranking model` L5 at Nykaa / Search Engineer: Trained and shipped multiple ranking models for our product's discovery feed using XGBoost and LightGBM.
CAND_0044855,50,Strong interview profile,STRONG,HIGH,Strongest family: vector search. evaluation `a/b testing` L5 at LinkedIn / Recommendation Systems Engineer: Most of my time went into the feature pipeline (~200 features) and the A/B testing infrastructure. | recommendation `recommendation systems` L5 at LinkedIn / Recommendation Systems Engineer: Recommendation Systems Engineer.,No major V2 trust risk; still verify synthetic profile realism.,NO,NO,gold=STRONG; final=0.566; search=0.26; retrieval=0.69; eval=0.57; trust=0.0. evaluation `a/b testing` L5 at LinkedIn / Recommendation Systems Engineer: Most of my time went into the feature pipeline (~200 features) and the A/B testing infrastructure.
CAND_0036863,51,Strong interview profile,STRONG,MEDIUM,"Strongest family: evaluation. search_ranking `learning-to-rank` L5 at upGrad / Senior Data Scientist: Owned the ranking layer for an e-commerce search product, evolving it from a hand-tuned scoring function to a learnin... | search_ranking `ranking layer` L5 at upGrad / Senior Data Scientist: Owned the ranking layer for an e-commerce search product, evolving it from a hand-tuned scoring function to a learnin...",template repetition; template_repetition; thin retrieval evidence; recommendation-heavy without enough retrieval,YES,NO,"gold=STRONG; final=0.566; search=0.88; retrieval=0.05; eval=0.95; trust=8.0. search_ranking `learning-to-rank` L5 at upGrad / Senior Data Scientist: Owned the ranking layer for an e-commerce search product, evolving it from a hand-tuned scoring function to a learnin..."
CAND_0041610,52,Acceptable but not interview-first,MEDIUM,LOW,"Strongest family: evaluation. search_ranking `learning-to-rank` L5 at Zoho / Recommendation Systems Engineer: Owned the ranking layer for an e-commerce search product, evolving it from a hand-tuned scoring function to a learnin... | search_ranking `ranking layer` L5 at Zoho / Recommendation Systems Engineer: Owned the ranking layer for an e-commerce search product, evolving it from a hand-tuned scoring function to a learnin...",template repetition; current_title_description_mismatch; previous_title_description_mismatch; skills_career_history_mismatch; thin retrieval evidence; recommendation-heavy without enough retrieval,NO,NO,"gold=MEDIUM; final=0.566; search=0.89; retrieval=0.19; eval=0.95; trust=17.0. search_ranking `learning-to-rank` L5 at Zoho / Recommendation Systems Engineer: Owned the ranking layer for an e-commerce search product, evolving it from a hand-tuned scoring function to a learnin..."
CAND_0061655,53,Strong interview profile,STRONG,HIGH,"Strongest family: evaluation. search_ranking `learning-to-rank` L5 at Krutrim / Machine Learning Engineer: Owned the ranking layer for an e-commerce search product, evolving it from a hand-tuned scoring function to a learnin... | search_ranking `ranking layer` L5 at Krutrim / Machine Learning Engineer: Owned the ranking layer for an e-commerce search product, evolving it from a hand-tuned scoring function to a learnin...",previous_title_description_mismatch; thin retrieval evidence; recommendation-heavy without enough retrieval,YES,NO,"gold=STRONG; final=0.565; search=0.65; retrieval=0.08; eval=0.83; trust=2.0. search_ranking `learning-to-rank` L5 at Krutrim / Machine Learning Engineer: Owned the ranking layer for an e-commerce search product, evolving it from a hand-tuned scoring function to a learnin..."
CAND_0047721,54,Strong interview profile,STRONG,HIGH,"Strongest family: evaluation. search_ranking `learning-to-rank` L5 at Observe.AI / NLP Engineer: Owned the ranking layer for an e-commerce search product, evolving it from a hand-tuned scoring function to a learnin... | search_ranking `ranking layer` L5 at Observe.AI / NLP Engineer: Owned the ranking layer for an e-commerce search product, evolving it from a hand-tuned scoring function to a learnin...",thin retrieval evidence; recommendation-heavy without enough retrieval,YES,NO,"gold=STRONG; final=0.560; search=0.66; retrieval=0.10; eval=0.82; trust=0.0. search_ranking `learning-to-rank` L5 at Observe.AI / NLP Engineer: Owned the ranking layer for an e-commerce search product, evolving it from a hand-tuned scoring function to a learnin..."
CAND_0070202,55,Strong interview profile,STRONG,HIGH,"Strongest family: evaluation. search_ranking `learning-to-rank` L5 at BYJU'S / Machine Learning Engineer: Owned the ranking layer for an e-commerce search product, evolving it from a hand-tuned scoring function to a learnin... | search_ranking `ranking layer` L5 at BYJU'S / Machine Learning Engineer: Owned the ranking layer for an e-commerce search product, evolving it from a hand-tuned scoring function to a learnin...",previous_title_description_mismatch; skills_headline_mismatch; thin retrieval evidence; recommendation-heavy without enough retrieval,YES,NO,"gold=STRONG; final=0.558; search=0.67; retrieval=0.17; eval=0.82; trust=3.0. search_ranking `learning-to-rank` L5 at BYJU'S / Machine Learning Engineer: Owned the ranking layer for an e-commerce search product, evolving it from a hand-tuned scoring function to a learnin..."
CAND_0078492,56,Acceptable but not interview-first,MEDIUM,LOW,"Strongest family: evaluation. search_ranking `learning-to-rank` L5 at Verloop.io / Recommendation Systems Engineer: Owned the ranking layer for an e-commerce search product, evolving it from a hand-tuned scoring function to a learnin... | search_ranking `ranking layer` L5 at Verloop.io / Recommendation Systems Engineer: Owned the ranking layer for an e-commerce search product, evolving it from a hand-tuned scoring function to a learnin...",template repetition; current_title_description_mismatch; skills_career_history_mismatch; skills_current_role_mismatch; thin retrieval evidence; recommendation-heavy without enough retrieval,NO,NO,"gold=MEDIUM; final=0.554; search=0.88; retrieval=0.24; eval=0.93; trust=14.0. search_ranking `learning-to-rank` L5 at Verloop.io / Recommendation Systems Engineer: Owned the ranking layer for an e-commerce search product, evolving it from a hand-tuned scoring function to a learnin..."
CAND_0006557,57,Strong interview profile,STRONG,HIGH,"Strongest family: evaluation. search_ranking `learning-to-rank` L5 at Paytm / NLP Engineer: Owned the ranking layer for an e-commerce search product, evolving it from a hand-tuned scoring function to a learnin... | search_ranking `ranking layer` L5 at Paytm / NLP Engineer: Owned the ranking layer for an e-commerce search product, evolving it from a hand-tuned scoring function to a learnin...",previous_title_description_mismatch; skills_current_role_mismatch; thin retrieval evidence; recommendation-heavy without enough retrieval,YES,NO,"gold=STRONG; final=0.546; search=0.66; retrieval=0.10; eval=0.87; trust=4.0. search_ranking `learning-to-rank` L5 at Paytm / NLP Engineer: Owned the ranking layer for an e-commerce search product, evolving it from a hand-tuned scoring function to a learnin..."
CAND_0044883,58,Strong interview profile,STRONG,MEDIUM,Strongest family: recommendation. search_ranking `ranking model` L5 at Paytm / Recommendation Systems Engineer: Trained and shipped multiple ranking models for our product's discovery feed using XGBoost and LightGBM. | recommendation `recommendation systems` L5 at Paytm / Recommendation Systems Engineer: Recommendation Systems Engineer.,previous_title_description_mismatch; skills_headline_mismatch,YES,NO,gold=STRONG; final=0.539; search=0.48; retrieval=0.72; eval=0.29; trust=5.0. search_ranking `ranking model` L5 at Paytm / Recommendation Systems Engineer: Trained and shipped multiple ranking models for our product's discovery feed using XGBoost and LightGBM.
CAND_0018549,59,Acceptable but not interview-first,MEDIUM,MEDIUM,"Strongest family: recommendation. search_ranking `learning-to-rank` L5 at Uber / Recommendation Systems Engineer: Owned the ranking layer for an e-commerce search product, evolving it from a hand-tuned scoring function to a learnin... | search_ranking `ranking layer` L5 at Uber / Recommendation Systems Engineer: Owned the ranking layer for an e-commerce search product, evolving it from a hand-tuned scoring function to a learnin...",current_title_description_mismatch; skills_career_history_mismatch; skills_current_role_mismatch; thin retrieval evidence; recommendation-heavy without enough retrieval,NO,NO,"gold=MEDIUM; final=0.537; search=0.65; retrieval=0.15; eval=0.82; trust=7.0. search_ranking `learning-to-rank` L5 at Uber / Recommendation Systems Engineer: Owned the ranking layer for an e-commerce search product, evolving it from a hand-tuned scoring function to a learnin..."
CAND_0041568,60,Acceptable but not interview-first,MEDIUM,MEDIUM,"Strongest family: evaluation. search_ranking `learning-to-rank` L5 at Haptik / Search Engineer: Owned the ranking layer for an e-commerce search product, evolving it from a hand-tuned scoring function to a learnin... | search_ranking `ranking layer` L5 at Haptik / Search Engineer: Owned the ranking layer for an e-commerce search product, evolving it from a hand-tuned scoring function to a learnin...",current_title_description_mismatch; moderate_career_incoherence; previous_title_description_mismatch; recommendation-heavy without enough retrieval,NO,NO,"gold=MEDIUM; final=0.532; search=0.66; retrieval=0.25; eval=0.89; trust=10.0. search_ranking `learning-to-rank` L5 at Haptik / Search Engineer: Owned the ranking layer for an e-commerce search product, evolving it from a hand-tuned scoring function to a learnin..."
CAND_0030348,61,Acceptable but not interview-first,MEDIUM,HIGH,Strongest family: vector search. evaluation `a/b testing` L5 at PolicyBazaar / Senior Data Scientist: Most of my time went into the feature pipeline (~200 features) and the A/B testing infrastructure. | recommendation `recommendation system` L5 at PolicyBazaar / Senior Data Scientist: Built a content recommendation system serving 10M+ users that combined collaborative filtering with content-based ran...,No major V2 trust risk; still verify synthetic profile realism.,NO,NO,gold=MEDIUM; final=0.531; search=0.25; retrieval=0.72; eval=0.43; trust=0.0. evaluation `a/b testing` L5 at PolicyBazaar / Senior Data Scientist: Most of my time went into the feature pipeline (~200 features) and the A/B testing infrastructure.
CAND_0014440,62,Acceptable but not interview-first,MEDIUM,LOW,"Strongest family: evaluation. search_ranking `learning-to-rank` L5 at CRED / Recommendation Systems Engineer: Owned the ranking layer for an e-commerce search product, evolving it from a hand-tuned scoring function to a learnin... | search_ranking `ranking layer` L5 at CRED / Recommendation Systems Engineer: Owned the ranking layer for an e-commerce search product, evolving it from a hand-tuned scoring function to a learnin...",template repetition; current_title_description_mismatch; skills_current_role_mismatch; skills_headline_mismatch; thin retrieval evidence; recommendation-heavy without enough retrieval,NO,NO,"gold=MEDIUM; final=0.529; search=0.88; retrieval=0.14; eval=0.94; trust=14.0. search_ranking `learning-to-rank` L5 at CRED / Recommendation Systems Engineer: Owned the ranking layer for an e-commerce search product, evolving it from a hand-tuned scoring function to a learnin..."
CAND_0041669,63,Acceptable but not interview-first,MEDIUM,MEDIUM,"Strongest family: evaluation. search_ranking `learning-to-rank` L5 at CRED / Recommendation Systems Engineer: Owned the ranking layer for an e-commerce search product, evolving it from a hand-tuned scoring function to a learnin... | search_ranking `ranking layer` L5 at CRED / Recommendation Systems Engineer: Owned the ranking layer for an e-commerce search product, evolving it from a hand-tuned scoring function to a learnin...",current_title_description_mismatch; previous_title_description_mismatch; skills_career_history_mismatch; thin retrieval evidence; recommendation-heavy without enough retrieval,NO,NO,"gold=MEDIUM; final=0.528; search=0.66; retrieval=0.07; eval=0.89; trust=9.0. search_ranking `learning-to-rank` L5 at CRED / Recommendation Systems Engineer: Owned the ranking layer for an e-commerce search product, evolving it from a hand-tuned scoring function to a learnin..."
CAND_0079387,64,Strong interview profile,STRONG,HIGH,Strongest family: vector search. evaluation `a/b testing` L5 at Microsoft / AI Engineer: Most of my time went into the feature pipeline (~200 features) and the A/B testing infrastructure. | recommendation `recommendation system` L5 at Microsoft / AI Engineer: Built a content recommendation system serving 10M+ users that combined collaborative filtering with content-based ran...,skills_current_role_mismatch; skills_headline_mismatch,YES,NO,gold=STRONG; final=0.523; search=0.26; retrieval=0.71; eval=0.54; trust=3.0. evaluation `a/b testing` L5 at Microsoft / AI Engineer: Most of my time went into the feature pipeline (~200 features) and the A/B testing infrastructure.
CAND_0002025,65,Acceptable but not interview-first,MEDIUM,HIGH,"Strongest family: recommendation. search_ranking `ranking layer` L5 at Apple / Senior AI Engineer: The system combined collaborative filtering (matrix factorization), content-based features (TF-IDF + sentence-transfo... | search_ranking `re-ranking` L5 at Apple / Senior AI Engineer: The system combined collaborative filtering (matrix factorization), content-based features (TF-IDF + sentence-transfo...",thin evaluation evidence; recommendation-heavy without enough retrieval,NO,NO,"gold=MEDIUM; final=0.521; search=0.70; retrieval=0.30; eval=0.12; trust=0.0. search_ranking `ranking layer` L5 at Apple / Senior AI Engineer: The system combined collaborative filtering (matrix factorization), content-based features (TF-IDF + sentence-transfo..."
CAND_0068811,66,Acceptable but not interview-first,MEDIUM,MEDIUM,"Strongest family: evaluation. search_ranking `learning-to-rank` L5 at Meesho / Recommendation Systems Engineer: Owned the ranking layer for an e-commerce search product, evolving it from a hand-tuned scoring function to a learnin... | search_ranking `ranking layer` L5 at Meesho / Recommendation Systems Engineer: Owned the ranking layer for an e-commerce search product, evolving it from a hand-tuned scoring function to a learnin...",degree_order_reversal; previous_title_description_mismatch; skills_current_role_mismatch; thin retrieval evidence; recommendation-heavy without enough retrieval,NO,NO,"heuristic_label; final=0.521; search=0.65; retrieval=0.13; eval=0.89; trust=9.0. search_ranking `learning-to-rank` L5 at Meesho / Recommendation Systems Engineer: Owned the ranking layer for an e-commerce search product, evolving it from a hand-tuned scoring function to a learnin..."
CAND_0069905,67,Acceptable but not interview-first,MEDIUM,MEDIUM,"Strongest family: vector search. search_ranking `relevance` L4 at Sarvam AI / Applied ML Engineer: Reported search-relevance improvement of 35% over the prior Elasticsearch BM25 setup, validated through human relevan... | search_ranking `relevance` L4 at Observe.AI / Recommendation Systems Engineer: Reported search-relevance improvement of 35% over the prior Elasticsearch BM25 setup, validated through human relevan...",template repetition; previous_title_description_mismatch; skills_headline_mismatch; template_repetition,NO,NO,"gold=MEDIUM; final=0.519; search=0.46; retrieval=0.91; eval=0.38; trust=11.0. search_ranking `relevance` L4 at Sarvam AI / Applied ML Engineer: Reported search-relevance improvement of 35% over the prior Elasticsearch BM25 setup, validated through human relevan..."
CAND_0012957,68,Acceptable but not interview-first,MEDIUM,MEDIUM,"Strongest family: evaluation. search_ranking `learning-to-rank` L5 at Razorpay / Search Engineer: Owned the ranking layer for an e-commerce search product, evolving it from a hand-tuned scoring function to a learnin... | search_ranking `ranking layer` L5 at Razorpay / Search Engineer: Owned the ranking layer for an e-commerce search product, evolving it from a hand-tuned scoring function to a learnin...",current_title_description_mismatch; skills_career_history_mismatch; skills_current_role_mismatch; thin retrieval evidence; recommendation-heavy without enough retrieval,NO,NO,"heuristic_label; final=0.518; search=0.65; retrieval=0.13; eval=0.82; trust=6.0. search_ranking `learning-to-rank` L5 at Razorpay / Search Engineer: Owned the ranking layer for an e-commerce search product, evolving it from a hand-tuned scoring function to a learnin..."
CAND_0075574,69,Strong interview profile,STRONG,HIGH,"Strongest family: evaluation. search_ranking `learning-to-rank` L5 at Haptik / Machine Learning Engineer: Owned the ranking layer for an e-commerce search product, evolving it from a hand-tuned scoring function to a learnin... | search_ranking `ranking layer` L5 at Haptik / Machine Learning Engineer: Owned the ranking layer for an e-commerce search product, evolving it from a hand-tuned scoring function to a learnin...",skills_current_role_mismatch; skills_headline_mismatch; thin retrieval evidence,YES,NO,"gold=STRONG; final=0.509; search=0.76; retrieval=0.08; eval=0.83; trust=3.0. search_ranking `learning-to-rank` L5 at Haptik / Machine Learning Engineer: Owned the ranking layer for an e-commerce search product, evolving it from a hand-tuned scoring function to a learnin..."
CAND_0031593,70,Acceptable but not interview-first,MEDIUM,MEDIUM,"Strongest family: evaluation. search_ranking `learning-to-rank` L5 at Genpact AI / Search Engineer: Owned the ranking layer for an e-commerce search product, evolving it from a hand-tuned scoring function to a learnin... | search_ranking `ranking layer` L5 at Genpact AI / Search Engineer: Owned the ranking layer for an e-commerce search product, evolving it from a hand-tuned scoring function to a learnin...",current_title_description_mismatch; previous_title_description_mismatch; skills_career_history_mismatch; thin retrieval evidence; recommendation-heavy without enough retrieval,NO,NO,"gold=MEDIUM; final=0.505; search=0.65; retrieval=0.10; eval=0.88; trust=8.0. search_ranking `learning-to-rank` L5 at Genpact AI / Search Engineer: Owned the ranking layer for an e-commerce search product, evolving it from a hand-tuned scoring function to a learnin..."
CAND_0011162,71,Acceptable but not interview-first,MEDIUM,MEDIUM,"Strongest family: recommendation. search_ranking `ranking model` L5 at upGrad / Recommendation Systems Engineer: Trained and shipped multiple ranking models for our product's discovery feed using XGBoost and LightGBM. | search_ranking `learning-to-rank` L5 at Google / Machine Learning Engineer: Owned the ranking layer for an e-commerce search product, evolving it from a hand-tuned scoring function to a learnin...",current_title_description_mismatch; skills_career_history_mismatch; skills_current_role_mismatch; thin retrieval evidence; recommendation-heavy without enough retrieval,NO,NO,heuristic_label; final=0.504; search=0.76; retrieval=0.13; eval=0.73; trust=7.0. search_ranking `ranking model` L5 at upGrad / Recommendation Systems Engineer: Trained and shipped multiple ranking models for our product's discovery feed using XGBoost and LightGBM.
CAND_0072660,72,Acceptable but not interview-first,MEDIUM,MEDIUM,"Strongest family: evaluation. search_ranking `learning-to-rank` L5 at Adobe / NLP Engineer: Owned the ranking layer for an e-commerce search product, evolving it from a hand-tuned scoring function to a learnin... | search_ranking `ranking layer` L5 at Adobe / NLP Engineer: Owned the ranking layer for an e-commerce search product, evolving it from a hand-tuned scoring function to a learnin...",template repetition; degree_order_reversal; template_repetition,NO,NO,"gold=MEDIUM; final=0.502; search=0.88; retrieval=0.26; eval=0.93; trust=12.0. search_ranking `learning-to-rank` L5 at Adobe / NLP Engineer: Owned the ranking layer for an e-commerce search product, evolving it from a hand-tuned scoring function to a learnin..."
CAND_0064270,73,Acceptable but not interview-first,MEDIUM,MEDIUM,"Strongest family: search ranking. search_ranking `ranking model` L5 at Verloop.io / Applied ML Engineer: Trained and shipped multiple ranking models for our product's discovery feed using XGBoost and LightGBM. | search_ranking `learning-to-rank` L5 at Uber / AI Engineer: Owned the ranking layer for an e-commerce search product, evolving it from a hand-tuned scoring function to a learnin...",signup_after_last_active; skills_headline_mismatch,YES,NO,heuristic_label; final=0.502; search=0.77; retrieval=0.27; eval=0.76; trust=6.0. search_ranking `ranking model` L5 at Verloop.io / Applied ML Engineer: Trained and shipped multiple ranking models for our product's discovery feed using XGBoost and LightGBM.
CAND_0064326,74,Acceptable but not interview-first,MEDIUM,LOW,"Strongest family: evaluation. search_ranking `learning-to-rank` L5 at Sarvam AI / Search Engineer: Owned the ranking layer for an e-commerce search product, evolving it from a hand-tuned scoring function to a learnin... | search_ranking `ranking layer` L5 at Sarvam AI / Search Engineer: Owned the ranking layer for an e-commerce search product, evolving it from a hand-tuned scoring function to a learnin...",template repetition; current_title_description_mismatch; graduation_after_employment_start; skills_current_role_mismatch; thin retrieval evidence,NO,NO,"gold=MEDIUM; final=0.495; search=0.92; retrieval=0.07; eval=0.95; trust=17.0. search_ranking `learning-to-rank` L5 at Sarvam AI / Search Engineer: Owned the ranking layer for an e-commerce search product, evolving it from a hand-tuned scoring function to a learnin..."
CAND_0007412,75,Acceptable but not interview-first,MEDIUM,LOW,"Strongest family: evaluation. search_ranking `ranking model` L5 at Locobuzz / Recommendation Systems Engineer: Trained and shipped multiple ranking models for our product's discovery feed using XGBoost and LightGBM. | search_ranking `learning-to-rank` L5 at LinkedIn / Machine Learning Engineer: Owned the ranking layer for an e-commerce search product, evolving it from a hand-tuned scoring function to a learnin...",template repetition; previous_title_description_mismatch; skills_current_role_mismatch; skills_headline_mismatch; thin retrieval evidence; recommendation-heavy without enough retrieval,NO,NO,gold=MEDIUM; final=0.495; search=0.76; retrieval=0.03; eval=0.91; trust=15.0. search_ranking `ranking model` L5 at Locobuzz / Recommendation Systems Engineer: Trained and shipped multiple ranking models for our product's discovery feed using XGBoost and LightGBM.
CAND_0054123,76,Acceptable but not interview-first,MEDIUM,HIGH,Strongest family: vector search. evaluation `a/b testing` L5 at Meta / Applied ML Engineer: Most of my time went into the feature pipeline (~200 features) and the A/B testing infrastructure. | recommendation `recommendation system` L5 at Meta / Applied ML Engineer: Built a content recommendation system serving 10M+ users that combined collaborative filtering with content-based ran...,skills_headline_mismatch,NO,NO,gold=MEDIUM; final=0.494; search=0.26; retrieval=0.69; eval=0.39; trust=1.0. evaluation `a/b testing` L5 at Meta / Applied ML Engineer: Most of my time went into the feature pipeline (~200 features) and the A/B testing infrastructure.
CAND_0076163,77,Acceptable but not interview-first,MEDIUM,MEDIUM,"Strongest family: evaluation. search_ranking `learning-to-rank` L5 at Ola / NLP Engineer: Owned the ranking layer for an e-commerce search product, evolving it from a hand-tuned scoring function to a learnin... | search_ranking `ranking layer` L5 at Ola / NLP Engineer: Owned the ranking layer for an e-commerce search product, evolving it from a hand-tuned scoring function to a learnin...",template repetition; template_repetition; thin retrieval evidence,NO,NO,"gold=MEDIUM; final=0.493; search=0.88; retrieval=0.10; eval=0.94; trust=8.0. search_ranking `learning-to-rank` L5 at Ola / NLP Engineer: Owned the ranking layer for an e-commerce search product, evolving it from a hand-tuned scoring function to a learnin..."
CAND_0075249,78,Acceptable but not interview-first,MEDIUM,HIGH,Strongest family: vector search. evaluation `a/b testing` L5 at Zomato / Applied ML Engineer: Most of my time went into the feature pipeline (~200 features) and the A/B testing infrastructure. | recommendation `recommendation system` L5 at Zomato / Applied ML Engineer: Built a content recommendation system serving 10M+ users that combined collaborative filtering with content-based ran...,previous_title_description_mismatch; skills_headline_mismatch,NO,NO,gold=MEDIUM; final=0.492; search=0.28; retrieval=0.72; eval=0.35; trust=3.0. evaluation `a/b testing` L5 at Zomato / Applied ML Engineer: Most of my time went into the feature pipeline (~200 features) and the A/B testing infrastructure.
CAND_0000031,79,Acceptable but not interview-first,MEDIUM,LOW,Strongest family: search ranking. search_ranking `ranking model` L5 at Swiggy / Recommendation Systems Engineer: Trained and shipped multiple ranking models for our product's discovery feed using XGBoost and LightGBM. | search_ranking `ranking model` L5 at Mad Street Den / Search Engineer: Trained and shipped multiple ranking models for our product's discovery feed using XGBoost and LightGBM.,template repetition; current_title_description_mismatch; previous_title_description_mismatch; skills_career_history_mismatch; thin retrieval evidence; recommendation-heavy without enough retrieval,NO,NO,gold=MEDIUM; final=0.491; search=0.88; retrieval=0.14; eval=0.73; trust=17.0. search_ranking `ranking model` L5 at Swiggy / Recommendation Systems Engineer: Trained and shipped multiple ranking models for our product's discovery feed using XGBoost and LightGBM.
CAND_0027801,80,Acceptable but not interview-first,MEDIUM,MEDIUM,"Strongest family: retrieval. search_ranking `relevance` L4 at Zoho / Machine Learning Engineer: Reported search-relevance improvement of 35% over the prior Elasticsearch BM25 setup, validated through human relevan... | search_ranking `relevance` L4 at Uber / Recommendation Systems Engineer: Reported search-relevance improvement of 35% over the prior Elasticsearch BM25 setup, validated through human relevan...",template repetition; previous_title_description_mismatch; template_repetition; thin evaluation evidence,NO,NO,"gold=MEDIUM; final=0.488; search=0.44; retrieval=0.90; eval=0.23; trust=10.0. search_ranking `relevance` L4 at Zoho / Machine Learning Engineer: Reported search-relevance improvement of 35% over the prior Elasticsearch BM25 setup, validated through human relevan..."
CAND_0024466,81,Acceptable but not interview-first,MEDIUM,MEDIUM,"Strongest family: evaluation. search_ranking `learning-to-rank` L5 at PharmEasy / Search Engineer: Owned the ranking layer for an e-commerce search product, evolving it from a hand-tuned scoring function to a learnin... | search_ranking `ranking layer` L5 at PharmEasy / Search Engineer: Owned the ranking layer for an e-commerce search product, evolving it from a hand-tuned scoring function to a learnin...",current_title_description_mismatch; previous_title_description_mismatch; skills_career_history_mismatch; thin retrieval evidence; recommendation-heavy without enough retrieval,NO,NO,"heuristic_label; final=0.486; search=0.65; retrieval=0.13; eval=0.85; trust=8.0. search_ranking `learning-to-rank` L5 at PharmEasy / Search Engineer: Owned the ranking layer for an e-commerce search product, evolving it from a hand-tuned scoring function to a learnin..."
CAND_0044222,82,Strong interview profile,STRONG,HIGH,"Strongest family: retrieval. search_ranking `ranking model` L5 at InMobi / AI Engineer: Trained and shipped multiple ranking models for our product's discovery feed using XGBoost and LightGBM. | search_ranking `relevance` L4 at PolicyBazaar / AI Engineer: Reported search-relevance improvement of 35% over the prior Elasticsearch BM25 setup, validated through human relevan...",thin evaluation evidence,YES,NO,gold=STRONG; final=0.485; search=0.47; retrieval=0.73; eval=0.12; trust=0.0. search_ranking `ranking model` L5 at InMobi / AI Engineer: Trained and shipped multiple ranking models for our product's discovery feed using XGBoost and LightGBM.
CAND_0050876,83,Acceptable but not interview-first,MEDIUM,MEDIUM,"Strongest family: recommendation. search_ranking `learning-to-rank` L5 at Freshworks / Applied ML Engineer: Owned the ranking layer for an e-commerce search product, evolving it from a hand-tuned scoring function to a learnin... | search_ranking `ranking layer` L5 at Freshworks / Applied ML Engineer: Owned the ranking layer for an e-commerce search product, evolving it from a hand-tuned scoring function to a learnin...",template repetition; previous_title_description_mismatch; template_repetition; thin retrieval evidence; recommendation-heavy without enough retrieval,NO,NO,"heuristic_label; final=0.484; search=0.65; retrieval=0.03; eval=0.89; trust=10.0. search_ranking `learning-to-rank` L5 at Freshworks / Applied ML Engineer: Owned the ranking layer for an e-commerce search product, evolving it from a hand-tuned scoring function to a learnin..."
CAND_0032515,84,Acceptable but not interview-first,MEDIUM,HIGH,"Strongest family: evaluation. search_ranking `learning-to-rank` L5 at PharmEasy / Machine Learning Engineer: Owned the ranking layer for an e-commerce search product, evolving it from a hand-tuned scoring function to a learnin... | search_ranking `ranking layer` L5 at PharmEasy / Machine Learning Engineer: Owned the ranking layer for an e-commerce search product, evolving it from a hand-tuned scoring function to a learnin...",previous_title_description_mismatch; thin retrieval evidence,YES,NO,"heuristic_label; final=0.473; search=0.76; retrieval=0.05; eval=0.79; trust=2.0. search_ranking `learning-to-rank` L5 at PharmEasy / Machine Learning Engineer: Owned the ranking layer for an e-commerce search product, evolving it from a hand-tuned scoring function to a learnin..."
CAND_0095619,85,Acceptable but not interview-first,MEDIUM,HIGH,"Strongest family: evaluation. search_ranking `learning-to-rank` L5 at Nykaa / NLP Engineer: Owned the ranking layer for an e-commerce search product, evolving it from a hand-tuned scoring function to a learnin... | search_ranking `ranking layer` L5 at Nykaa / NLP Engineer: Owned the ranking layer for an e-commerce search product, evolving it from a hand-tuned scoring function to a learnin...",thin retrieval evidence,NO,NO,"heuristic_label; final=0.473; search=0.66; retrieval=0.08; eval=0.76; trust=0.0. search_ranking `learning-to-rank` L5 at Nykaa / NLP Engineer: Owned the ranking layer for an e-commerce search product, evolving it from a hand-tuned scoring function to a learnin..."
CAND_0096172,86,Acceptable but not interview-first,MEDIUM,HIGH,Strongest family: vector search. evaluation `a/b testing` L5 at Dream11 / Machine Learning Engineer: Most of my time went into the feature pipeline (~200 features) and the A/B testing infrastructure. | recommendation `recommendation system` L5 at Dream11 / Machine Learning Engineer: Built a content recommendation system serving 10M+ users that combined collaborative filtering with content-based ran...,skills_current_role_mismatch; skills_headline_mismatch,NO,NO,gold=MEDIUM; final=0.468; search=0.25; retrieval=0.72; eval=0.35; trust=3.0. evaluation `a/b testing` L5 at Dream11 / Machine Learning Engineer: Most of my time went into the feature pipeline (~200 features) and the A/B testing infrastructure.
CAND_0042100,87,Acceptable but not interview-first,MEDIUM,HIGH,"Strongest family: evaluation. search_ranking `learning-to-rank` L5 at Freshworks / Machine Learning Engineer: Owned the ranking layer for an e-commerce search product, evolving it from a hand-tuned scoring function to a learnin... | search_ranking `ranking layer` L5 at Freshworks / Machine Learning Engineer: Owned the ranking layer for an e-commerce search product, evolving it from a hand-tuned scoring function to a learnin...",skills_current_role_mismatch; skills_headline_mismatch; thin retrieval evidence,YES,NO,"heuristic_label; final=0.464; search=0.76; retrieval=0.05; eval=0.79; trust=3.0. search_ranking `learning-to-rank` L5 at Freshworks / Machine Learning Engineer: Owned the ranking layer for an e-commerce search product, evolving it from a hand-tuned scoring function to a learnin..."
CAND_0007009,88,Acceptable but not interview-first,MEDIUM,LOW,"Strongest family: recommendation. search_ranking `relevance` L4 at Netflix / Recommendation Systems Engineer: Reported search-relevance improvement of 35% over the prior Elasticsearch BM25 setup, validated through human relevan... | evaluation `evaluation framework` L4 at Wysa / Recommendation Systems Engineer: Designed the evaluation framework with both automatic metrics (BLEU, ROUGE) and human-in-the-loop quality scores.",template repetition; current_title_description_mismatch; current_title_evidence_mismatch; previous_title_description_mismatch,NO,NO,"gold=MEDIUM; final=0.463; search=0.26; retrieval=0.69; eval=0.62; trust=22.0. search_ranking `relevance` L4 at Netflix / Recommendation Systems Engineer: Reported search-relevance improvement of 35% over the prior Elasticsearch BM25 setup, validated through human relevan..."
CAND_0099401,89,Acceptable but not interview-first,MEDIUM,MEDIUM,"Strongest family: evaluation. search_ranking `learning-to-rank` L5 at Microsoft / Applied ML Engineer: Owned the ranking layer for an e-commerce search product, evolving it from a hand-tuned scoring function to a learnin... | search_ranking `ranking layer` L5 at Microsoft / Applied ML Engineer: Owned the ranking layer for an e-commerce search product, evolving it from a hand-tuned scoring function to a learnin...",template repetition; skills_headline_mismatch; template_repetition; thin retrieval evidence; recommendation-heavy without enough retrieval,NO,NO,"heuristic_label; final=0.460; search=0.66; retrieval=0.10; eval=0.83; trust=9.0. search_ranking `learning-to-rank` L5 at Microsoft / Applied ML Engineer: Owned the ranking layer for an e-commerce search product, evolving it from a hand-tuned scoring function to a learnin..."
CAND_0079064,90,Acceptable but not interview-first,MEDIUM,HIGH,"Strongest family: vector search. search_ranking `relevance` L4 at Niramai / Senior Data Scientist: Reported search-relevance improvement of 35% over the prior Elasticsearch BM25 setup, validated through human relevan... | evaluation `evaluation framework` L4 at Razorpay / NLP Engineer: Designed the evaluation framework with both automatic metrics (BLEU, ROUGE) and human-in-the-loop quality scores.",No major V2 trust risk; still verify synthetic profile realism.,NO,NO,"gold=MEDIUM; final=0.460; search=0.25; retrieval=0.69; eval=0.38; trust=0.0. search_ranking `relevance` L4 at Niramai / Senior Data Scientist: Reported search-relevance improvement of 35% over the prior Elasticsearch BM25 setup, validated through human relevan..."
CAND_0024620,91,Acceptable but not interview-first,MEDIUM,MEDIUM,"Strongest family: evaluation. search_ranking `learning-to-rank` L5 at PharmEasy / AI Engineer: Owned the ranking layer for an e-commerce search product, evolving it from a hand-tuned scoring function to a learnin... | search_ranking `ranking layer` L5 at PharmEasy / AI Engineer: Owned the ranking layer for an e-commerce search product, evolving it from a hand-tuned scoring function to a learnin...",template repetition; template_repetition; thin retrieval evidence,NO,NO,"heuristic_label; final=0.454; search=0.65; retrieval=0.19; eval=0.76; trust=8.0. search_ranking `learning-to-rank` L5 at PharmEasy / AI Engineer: Owned the ranking layer for an e-commerce search product, evolving it from a hand-tuned scoring function to a learnin..."
CAND_0003977,92,Weak or risky for this JD,WEAK,LOW,"Strongest family: retrieval. search_ranking `relevance` L4 at Google / Recommendation Systems Engineer: Reported search-relevance improvement of 35% over the prior Elasticsearch BM25 setup, validated through human relevan... | search_ranking `relevance` L4 at Rephrase.ai / NLP Engineer: Reported search-relevance improvement of 35% over the prior Elasticsearch BM25 setup, validated through human relevan...",template repetition; current_title_description_mismatch; current_title_evidence_mismatch; skills_career_history_mismatch; thin evaluation evidence,NO,NO,"gold=WEAK; final=0.454; search=0.44; retrieval=0.91; eval=0.12; trust=18.0. search_ranking `relevance` L4 at Google / Recommendation Systems Engineer: Reported search-relevance improvement of 35% over the prior Elasticsearch BM25 setup, validated through human relevan..."
CAND_0036437,93,Acceptable but not interview-first,MEDIUM,LOW,"Strongest family: evaluation. search_ranking `learning-to-rank` L5 at Rephrase.ai / Search Engineer: Owned the ranking layer for an e-commerce search product, evolving it from a hand-tuned scoring function to a learnin... | search_ranking `ranking layer` L5 at Rephrase.ai / Search Engineer: Owned the ranking layer for an e-commerce search product, evolving it from a hand-tuned scoring function to a learnin...",template repetition; current_title_description_mismatch; skills_career_history_mismatch; skills_current_role_mismatch; thin retrieval evidence,NO,NO,"gold=MEDIUM; final=0.453; search=0.88; retrieval=0.07; eval=0.94; trust=14.0. search_ranking `learning-to-rank` L5 at Rephrase.ai / Search Engineer: Owned the ranking layer for an e-commerce search product, evolving it from a hand-tuned scoring function to a learnin..."
CAND_0093331,94,Acceptable but not interview-first,MEDIUM,LOW,"Strongest family: retrieval. search_ranking `relevance` L4 at InMobi / NLP Engineer: Reported search-relevance improvement of 35% over the prior Elasticsearch BM25 setup, validated through human relevan... | search_ranking `relevance` L4 at Observe.AI / Recommendation Systems Engineer: Reported search-relevance improvement of 35% over the prior Elasticsearch BM25 setup, validated through human relevan...",template repetition; degree_order_reversal; previous_title_description_mismatch; template_repetition; thin evaluation evidence,NO,NO,"gold=MEDIUM; final=0.452; search=0.43; retrieval=0.91; eval=0.12; trust=14.0. search_ranking `relevance` L4 at InMobi / NLP Engineer: Reported search-relevance improvement of 35% over the prior Elasticsearch BM25 setup, validated through human relevan..."
CAND_0070398,95,Acceptable but not interview-first,MEDIUM,MEDIUM,"Strongest family: retrieval. search_ranking `ranking model` L5 at Mad Street Den / Machine Learning Engineer: Trained and shipped multiple ranking models for our product's discovery feed using XGBoost and LightGBM. | search_ranking `relevance` L4 at Genpact AI / Machine Learning Engineer: Reported search-relevance improvement of 35% over the prior Elasticsearch BM25 setup, validated through human relevan...",template repetition; skills_headline_mismatch; template_repetition; thin evaluation evidence,NO,NO,gold=MEDIUM; final=0.450; search=0.62; retrieval=0.90; eval=0.06; trust=9.0. search_ranking `ranking model` L5 at Mad Street Den / Machine Learning Engineer: Trained and shipped multiple ranking models for our product's discovery feed using XGBoost and LightGBM.
CAND_0039383,96,Acceptable but not interview-first,MEDIUM,MEDIUM,Strongest family: retrieval. search_ranking `ranking model` L5 at Meesho / Applied ML Engineer: Trained and shipped multiple ranking models for our product's discovery feed using XGBoost and LightGBM. | search_ranking `ranking model` L5 at Paytm / NLP Engineer: Trained and shipped multiple ranking models for our product's discovery feed using XGBoost and LightGBM.,template repetition; template_repetition; thin evaluation evidence,NO,NO,gold=MEDIUM; final=0.447; search=0.63; retrieval=0.77; eval=0.00; trust=8.0. search_ranking `ranking model` L5 at Meesho / Applied ML Engineer: Trained and shipped multiple ranking models for our product's discovery feed using XGBoost and LightGBM.
CAND_0052335,97,Acceptable but not interview-first,MEDIUM,MEDIUM,"Strongest family: evaluation. search_ranking `learning-to-rank` L5 at Aganitha / Applied ML Engineer: Owned the ranking layer for an e-commerce search product, evolving it from a hand-tuned scoring function to a learnin... | search_ranking `ranking layer` L5 at Aganitha / Applied ML Engineer: Owned the ranking layer for an e-commerce search product, evolving it from a hand-tuned scoring function to a learnin...",salary_min_above_max; salary_min_exceeds_max; thin retrieval evidence,NO,NO,"heuristic_label; final=0.442; search=0.66; retrieval=0.22; eval=0.83; trust=10.0. search_ranking `learning-to-rank` L5 at Aganitha / Applied ML Engineer: Owned the ranking layer for an e-commerce search product, evolving it from a hand-tuned scoring function to a learnin..."
CAND_0037000,98,Acceptable but not interview-first,MEDIUM,MEDIUM,"Strongest family: evaluation. search_ranking `ranking model` L5 at CRED / Machine Learning Engineer: Trained and shipped multiple ranking models for our product's discovery feed using XGBoost and LightGBM. | search_ranking `learning-to-rank` L5 at upGrad / Search Engineer: Owned the ranking layer for an e-commerce search product, evolving it from a hand-tuned scoring function to a learnin...",current_title_description_mismatch; current_title_evidence_mismatch; previous_title_description_mismatch; thin retrieval evidence,NO,NO,gold=MEDIUM; final=0.442; search=0.76; retrieval=0.15; eval=0.83; trust=12.0. search_ranking `ranking model` L5 at CRED / Machine Learning Engineer: Trained and shipped multiple ranking models for our product's discovery feed using XGBoost and LightGBM.
CAND_0028793,99,Acceptable but not interview-first,MEDIUM,MEDIUM,"Strongest family: vector search. search_ranking `ranking model` L5 at Meesho / Machine Learning Engineer: Trained and shipped multiple ranking models for our product's discovery feed using XGBoost and LightGBM. | search_ranking `relevance` L4 at Google / Search Engineer: Reported search-relevance improvement of 35% over the prior Elasticsearch BM25 setup, validated through human relevan...",current_title_description_mismatch; moderate_career_incoherence; previous_title_description_mismatch,NO,NO,gold=MEDIUM; final=0.440; search=0.48; retrieval=0.69; eval=0.46; trust=10.0. search_ranking `ranking model` L5 at Meesho / Machine Learning Engineer: Trained and shipped multiple ranking models for our product's discovery feed using XGBoost and LightGBM.
CAND_0058575,100,Acceptable but not interview-first,MEDIUM,HIGH,"Strongest family: vector search. search_ranking `relevance` L4 at Krutrim / AI Engineer: Reported search-relevance improvement of 35% over the prior Elasticsearch BM25 setup, validated through human relevan... | evaluation `evaluation framework` L4 at Aganitha / Search Engineer: Designed the evaluation framework with both automatic metrics (BLEU, ROUGE) and human-in-the-loop quality scores.",previous_title_description_mismatch,NO,NO,"heuristic_label; final=0.435; search=0.25; retrieval=0.68; eval=0.46; trust=2.0. search_ranking `relevance` L4 at Krutrim / AI Engineer: Reported search-relevance improvement of 35% over the prior Elasticsearch BM25 setup, validated through human relevan..."
