rank,candidate_id,technical_score,career_score,market_score,consistency_score,consistency_penalty,calibration_penalty,final_score,score_cap,reasoning,current_title,current_company,years_of_experience,skill_count,ai_skill_count,relevant_role_count,relevant_duration_months,career_ranking_evidence_count,career_retrieval_evidence_count,keyword_stuffer,ai_transition,consulting_only,consistency_points,consistency_reason_codes
1,CAND_0081846,0.985716,1.0,0.9544,0.9,0.1,0.0,0.974452,,"Positives: career evidence for ranking/relevance systems (ranking, ranker); career evidence for retrieval/search systems (bm25, retrieval); 2 relevant roles with 79 months of supporting experience",Lead AI Engineer,Razorpay,6.7,18,5,2,79.0,3,5,False,False,False,3.0,skills_current_role_mismatch; skills_headline_mismatch
2,CAND_0088025,0.967041,1.0,0.9402,1.0,0.0,0.0,0.973209,,"Positives: career evidence for ranking/relevance systems (ranking, ranker); career evidence for retrieval/search systems (retrieval); 3 relevant roles with 102 months of supporting experience | Concerns: longer notice period (90 days)",Staff Machine Learning Engineer,Yellow.ai,8.6,19,6,3,102.0,3,2,False,False,False,0.0,nan
3,CAND_0046525,0.972363,0.973957,0.947,1.0,0.0,0.0,0.970453,,"Positives: career evidence for ranking/relevance systems (ranker, ranking); career evidence for retrieval/search systems (bm25, retrieval); 2 relevant roles with 73 months of supporting experience",Senior Machine Learning Engineer,Genpact AI,6.1,17,5,2,73.0,4,2,False,False,False,0.0,nan
4,CAND_0010685,0.956585,1.0,0.9694,0.933333,0.066667,0.0,0.967676,,"Positives: career evidence for ranking/relevance systems (ranking, relevance); career evidence for retrieval/search systems (semantic search, elasticsearch); 3 relevant roles with 51 months of supporting experience",NLP Engineer,Rephrase.ai,6.7,16,4,3,51.0,4,4,False,False,False,2.0,previous_title_description_mismatch
5,CAND_0077337,0.978011,1.0,0.92094,0.9,0.1,0.0,0.964293,,"Positives: career evidence for ranking/relevance systems (ranker, ranking); career evidence for retrieval/search systems (semantic search, bm25); 4 relevant roles with 83 months of supporting experience",Staff Machine Learning Engineer,Paytm,7.0,20,2,4,83.0,3,3,False,False,False,3.0,skills_current_role_mismatch; skills_headline_mismatch
6,CAND_0039754,0.994784,1.0,0.9808,0.7,0.3,0.0,0.963813,,"Positives: career evidence for ranking/relevance systems (ranking, ranker); career evidence for retrieval/search systems (retrieval, bm25); 3 relevant roles with 98 months of supporting experience | Concerns: profile consistency concerns",Senior Applied Scientist,Meta,16.2,20,6,3,98.0,6,6,False,False,False,9.0,current_title_description_mismatch; previous_title_description_mismatch; skills_current_role_mismatch; skills_headline_mismatch; skills_career_history_mismatch
7,CAND_0050454,0.976619,1.0,0.863144,1.0,0.0,0.0,0.962107,,"Positives: career evidence for ranking/relevance systems (relevance, ranking); career evidence for retrieval/search systems (semantic search, elasticsearch); 3 relevant roles with 81 months of supporting experience",AI Engineer,Rephrase.ai,6.8,15,4,3,81.0,4,8,False,False,False,0.0,nan
8,CAND_0018499,0.996554,1.0,0.854512,0.9,0.1,0.0,0.959352,,"Positives: career evidence for ranking/relevance systems (ranking, ranker); career evidence for retrieval/search systems (bm25, retrieval); 3 relevant roles with 86 months of supporting experience",Senior Machine Learning Engineer,Zomato,7.2,17,4,3,86.0,7,4,False,False,False,3.0,graduation_after_employment_start
9,CAND_0091534,0.936603,1.0,0.9374,1.0,0.0,0.0,0.958951,,"Positives: career evidence for ranking/relevance systems (relevance, ranking); career evidence for retrieval/search systems (semantic search, elasticsearch); 3 relevant roles with 85 months of supporting experience",AI Engineer,Flipkart,16.6,10,2,3,85.0,3,4,False,False,False,0.0,nan
10,CAND_0046064,0.985724,1.0,0.9412,0.766667,0.233333,0.0,0.958482,,"Positives: career evidence for ranking/relevance systems (ranking, ranker); career evidence for retrieval/search systems (retrieval, bm25); 3 relevant roles with 106 months of supporting experience",Senior NLP Engineer,Salesforce,8.9,16,1,3,106.0,6,3,False,False,False,7.0,degree_order_reversal; skills_current_role_mismatch; skills_headline_mismatch
11,CAND_0044855,0.958148,1.0,0.8688,1.0,0.0,0.0,0.954927,,"Positives: career evidence for ranking/relevance systems (ranking, relevance); career evidence for retrieval/search systems (semantic search, elasticsearch); 3 relevant roles with 78 months of supporting experience",Senior Data Scientist,Flipkart,6.6,17,4,3,78.0,2,4,False,False,False,0.0,
12,CAND_0069905,0.979486,1.0,0.870768,0.9,0.1,0.0,0.954923,,"Positives: career evidence for ranking/relevance systems (relevance); career evidence for retrieval/search systems (semantic search, elasticsearch); 3 relevant roles with 78 months of supporting experience | Concerns: longer notice period (90 days)",Applied ML Engineer,Sarvam AI,6.6,17,4,3,78.0,2,8,False,False,False,3.0,previous_title_description_mismatch; skills_headline_mismatch
13,CAND_0039383,0.937059,1.0,0.891,1.0,0.0,0.0,0.949876,,"Positives: career evidence for ranking/relevance systems (ranking, relevance); career evidence for retrieval/search systems (semantic search, elasticsearch); 3 relevant roles with 84 months of supporting experience | Concerns: longer notice period (90 days)",Applied ML Engineer,Meesho,7.1,16,2,3,84.0,3,4,False,False,False,0.0,nan
14,CAND_0005260,0.964553,0.991689,0.8378,1.0,0.0,0.0,0.949531,,"Positives: career evidence for ranking/relevance systems (ranking, ranker); career evidence for retrieval/search systems (bm25, retrieval); 2 relevant roles with 61 months of supporting experience",Senior NLP Engineer,Netflix,5.2,18,6,2,61.0,4,2,False,False,False,0.0,nan
15,CAND_0093912,0.960771,1.0,0.9412,0.766667,0.233333,0.0,0.947254,,"Positives: career evidence for ranking/relevance systems (relevance, ranking); career evidence for retrieval/search systems (semantic search, elasticsearch); 3 relevant roles with 62 months of supporting experience",Senior Data Scientist,Razorpay,5.3,13,2,3,62.0,5,4,False,False,False,7.0,previous_title_description_mismatch; moderate_career_incoherence; skills_current_role_mismatch; skills_career_history_mismatch
16,CAND_0079387,0.947558,1.0,0.902371,0.9,0.1,0.0,0.946876,,"Positives: career evidence for ranking/relevance systems (ranking, relevance); career evidence for retrieval/search systems (semantic search, elasticsearch); 3 relevant roles with 63 months of supporting experience",AI Engineer,Microsoft,6.9,20,1,3,63.0,2,4,False,False,False,3.0,skills_current_role_mismatch; skills_headline_mismatch
17,CAND_0008425,0.961537,1.0,0.867,0.9,0.1,0.0,0.946092,,"Positives: career evidence for ranking/relevance systems (ranking); career evidence for retrieval/search systems (retrieval, semantic search); 3 relevant roles with 92 months of supporting experience | Concerns: longer notice period (90 days)",Senior NLP Engineer,Ola,7.8,17,3,3,92.0,3,4,False,False,False,3.0,skills_current_role_mismatch; skills_headline_mismatch
18,CAND_0055992,0.98546,1.0,0.9266,0.666667,0.333333,0.0,0.945444,,"Positives: career evidence for ranking/relevance systems (relevance, ranking); career evidence for retrieval/search systems (semantic search, elasticsearch); 4 relevant roles with 80 months of supporting experience | Concerns: profile consistency concerns",AI Engineer,CRED,16.9,16,5,4,80.0,4,4,False,False,False,10.0,previous_title_description_mismatch; degree_order_reversal; graduation_after_employment_start; skills_headline_mismatch
19,CAND_0001610,0.959306,1.0,0.8178,1.0,0.0,0.0,0.945248,,"Positives: career evidence for ranking/relevance systems (ranking, relevance); career evidence for retrieval/search systems (semantic search, elasticsearch); 3 relevant roles with 61 months of supporting experience | Concerns: longer notice period (90 days)",Machine Learning Engineer,Dream11,3.0,18,5,3,61.0,3,4,False,False,False,0.0,nan
20,CAND_0093547,0.925974,1.0,0.9246,0.9,0.1,0.0,0.941608,,Positives: career evidence for ranking/relevance systems (ranking); career evidence for retrieval/search systems (retrieval); 3 relevant roles with 74 months of supporting experience,Senior Machine Learning Engineer,PhonePe,2.9,21,4,3,74.0,3,1,False,False,False,3.0,graduation_after_employment_start
21,CAND_0055905,0.985199,1.0,0.8894,0.7,0.3,0.0,0.94122,,"Positives: career evidence for ranking/relevance systems (ranking, ranker); career evidence for retrieval/search systems (bm25, retrieval); 3 relevant roles with 96 months of supporting experience | Concerns: profile consistency concerns",Senior Machine Learning Engineer,Flipkart,8.1,13,4,3,96.0,4,5,False,False,False,9.0,previous_title_description_mismatch; degree_order_reversal; skills_current_role_mismatch; skills_headline_mismatch
22,CAND_0081686,0.953138,1.0,0.9432,0.733333,0.266667,0.0,0.940886,,"Positives: career evidence for ranking/relevance systems (ranking, relevance); career evidence for retrieval/search systems (semantic search, elasticsearch); 3 relevant roles with 71 months of supporting experience | Concerns: profile consistency concerns",Search Engineer,Netflix,6.0,18,3,3,71.0,4,4,False,False,False,8.0,current_title_description_mismatch; previous_title_description_mismatch; skills_current_role_mismatch; skills_career_history_mismatch
23,CAND_0030953,0.97257,1.0,0.8428,0.833333,0.166667,0.0,0.93955,,"Positives: career evidence for ranking/relevance systems (ranking, relevance); career evidence for retrieval/search systems (semantic search, elasticsearch); 5 relevant roles with 92 months of supporting experience",Search Engineer,Nykaa,7.8,14,4,5,92.0,4,4,False,False,False,5.0,current_title_description_mismatch; skills_current_role_mismatch
24,CAND_0086022,0.980492,1.0,0.840662,0.8,0.2,0.0,0.939354,,"Positives: career evidence for ranking/relevance systems (ranking, ranker); career evidence for retrieval/search systems (bm25, retrieval); 2 relevant roles with 63 months of supporting experience",Senior Applied Scientist,Sarvam AI,5.3,19,8,2,63.0,6,2,False,False,False,6.0,current_title_description_mismatch; skills_current_role_mismatch; skills_career_history_mismatch
25,CAND_0018722,0.952139,1.0,0.9034,0.8,0.2,0.0,0.939142,,"Positives: career evidence for ranking/relevance systems (relevance, ranking); career evidence for retrieval/search systems (semantic search, elasticsearch); 3 relevant roles with 78 months of supporting experience | Concerns: longer notice period (90 days)",Recommendation Systems Engineer,Saarthi.ai,6.6,14,1,3,78.0,5,4,False,False,False,6.0,current_title_description_mismatch; skills_current_role_mismatch; skills_headline_mismatch
26,CAND_0080766,0.940411,1.0,0.9268,0.8,0.2,0.0,0.938545,,"Positives: career evidence for ranking/relevance systems (relevance, ranking); career evidence for retrieval/search systems (semantic search, bm25); 4 relevant roles with 105 months of supporting experience",Staff Machine Learning Engineer,Salesforce,8.8,21,5,4,105.0,4,3,False,False,False,6.0,graduation_after_employment_start; skills_current_role_mismatch; skills_headline_mismatch
27,CAND_0062247,0.947776,1.0,0.8584,0.9,0.1,0.0,0.938179,,"Positives: career evidence for ranking/relevance systems (relevance, ranking); career evidence for retrieval/search systems (semantic search, elasticsearch); 2 relevant roles with 87 months of supporting experience",AI Engineer,Google,7.3,17,4,2,87.0,3,4,False,False,False,3.0,skills_current_role_mismatch; skills_headline_mismatch
28,CAND_0005649,0.962643,1.0,0.762022,1.0,0.0,0.0,0.935594,,"Positives: career evidence for ranking/relevance systems (relevance, ranking); career evidence for retrieval/search systems (semantic search, elasticsearch); 3 relevant roles with 46 months of supporting experience | Concerns: longer notice period (90 days)",Senior Data Scientist,Sarvam AI,7.4,17,4,3,46.0,2,4,False,False,False,0.0,
29,CAND_0044883,0.949348,1.0,0.8752,0.833333,0.166667,0.0,0.93558,,"Positives: career evidence for ranking/relevance systems (relevance, ranking); career evidence for retrieval/search systems (semantic search, elasticsearch); 3 relevant roles with 61 months of supporting experience | Concerns: longer notice period (90 days)",AI Engineer,Mad Street Den,6.3,15,6,3,61.0,2,4,False,False,False,5.0,previous_title_description_mismatch; previous_title_description_mismatch; skills_headline_mismatch
30,CAND_0083307,0.979555,1.0,0.821568,0.8,0.2,0.0,0.935113,,"Positives: career evidence for ranking/relevance systems (relevance, ranking); career evidence for retrieval/search systems (semantic search, elasticsearch); 4 relevant roles with 92 months of supporting experience | Concerns: longer notice period (120 days)",Search Engineer,CRED,7.8,18,3,4,92.0,5,4,False,False,False,6.0,current_title_description_mismatch; skills_current_role_mismatch; skills_headline_mismatch
31,CAND_0071974,0.9509,1.0,0.830364,0.9,0.1,0.0,0.933978,,Positives: career evidence for ranking/relevance systems (ranking); career evidence for retrieval/search systems (retrieval); 3 relevant roles with 92 months of supporting experience,Senior AI Engineer,Netflix,7.8,19,4,3,92.0,3,1,False,False,False,3.0,skills_current_role_mismatch; skills_headline_mismatch
32,CAND_0053695,0.949249,1.0,0.863,0.833333,0.166667,0.0,0.933096,,"Positives: career evidence for ranking/relevance systems (ranking, relevance); career evidence for retrieval/search systems (semantic search, elasticsearch); 3 relevant roles with 68 months of supporting experience",Recommendation Systems Engineer,Meesho,5.8,15,5,3,68.0,4,4,False,False,False,5.0,current_title_description_mismatch; skills_current_role_mismatch
33,CAND_0030827,0.955708,0.983569,0.7846,1.0,0.0,0.0,0.932881,,"Positives: career evidence for ranking/relevance systems (relevance, ranking); career evidence for retrieval/search systems (semantic search, elasticsearch); 2 relevant roles with 64 months of supporting experience | Concerns: longer notice period (120 days)",Senior Data Scientist,Freshworks,5.4,16,2,2,64.0,3,4,False,False,False,0.0,
34,CAND_0010770,0.982354,1.0,0.817006,0.766667,0.233333,0.0,0.932127,,"Positives: career evidence for ranking/relevance systems (relevance, ranking); career evidence for retrieval/search systems (semantic search, elasticsearch); 4 relevant roles with 86 months of supporting experience",Recommendation Systems Engineer,Aganitha,15.2,18,5,4,86.0,5,8,False,False,False,7.0,current_title_description_mismatch; moderate_career_incoherence; skills_current_role_mismatch
35,CAND_0036184,0.963311,0.922798,0.9376,0.8,0.2,0.0,0.931709,,"Positives: career evidence for ranking/relevance systems (relevance); career evidence for retrieval/search systems (semantic search, elasticsearch); 2 relevant roles with 71 months of supporting experience",Recommendation Systems Engineer,CRED,6.0,19,5,2,71.0,2,8,False,False,False,6.0,current_title_description_mismatch; skills_current_role_mismatch; skills_career_history_mismatch
36,CAND_0044222,0.902596,0.984644,0.8942,1.0,0.0,0.0,0.931169,,"Positives: career evidence for ranking/relevance systems (relevance, ranking); career evidence for retrieval/search systems (semantic search, elasticsearch); 2 relevant roles with 92 months of supporting experience",AI Engineer,PolicyBazaar,7.7,19,5,2,92.0,2,4,False,False,False,0.0,nan
37,CAND_0013613,0.899713,1.0,0.8786,1.0,0.0,0.0,0.930591,,"Positives: career evidence for ranking/relevance systems (ranking, relevance); career evidence for retrieval/search systems (semantic search, elasticsearch); 3 relevant roles with 55 months of supporting experience",Machine Learning Engineer,Adobe,4.7,14,4,3,55.0,3,4,False,False,False,0.0,nan
38,CAND_0041669,0.93772,1.0,0.9422,0.7,0.3,0.0,0.930414,,"Positives: career evidence for ranking/relevance systems (ranking, relevance); 3 relevant roles with 95 months of supporting experience; product/SaaS company experience | Concerns: profile consistency concerns",Recommendation Systems Engineer,CRED,8.0,20,2,3,95.0,3,0,False,False,False,9.0,current_title_description_mismatch; previous_title_description_mismatch; skills_current_role_mismatch; skills_headline_mismatch; skills_career_history_mismatch
39,CAND_0027801,0.955138,0.959219,0.8284,0.933333,0.066667,0.0,0.92863,,"Positives: career evidence for ranking/relevance systems (relevance); career evidence for retrieval/search systems (semantic search, elasticsearch); 2 relevant roles with 53 months of supporting experience | Concerns: longer notice period (120 days)",NLP Engineer,InMobi,7.4,15,3,2,53.0,2,8,False,False,False,2.0,previous_title_description_mismatch
40,CAND_0064326,0.937129,1.0,0.933768,0.7,0.3,0.0,0.928462,,"Positives: career evidence for ranking/relevance systems (ranking, relevance); 4 relevant roles with 91 months of supporting experience; product/SaaS company experience | Concerns: profile consistency concerns",Search Engineer,Sarvam AI,7.6,14,3,4,91.0,5,0,False,False,False,9.0,current_title_description_mismatch; graduation_after_employment_start; skills_current_role_mismatch; skills_headline_mismatch
41,CAND_0037980,0.937633,1.0,0.9264,0.7,0.3,0.0,0.927215,,"Positives: career evidence for ranking/relevance systems (ranking, relevance); 3 relevant roles with 107 months of supporting experience; product/SaaS company experience | Concerns: profile consistency concerns",Senior Applied Scientist,Niramai,9.0,21,3,3,107.0,6,0,False,False,False,9.0,current_title_description_mismatch; previous_title_description_mismatch; skills_current_role_mismatch; skills_headline_mismatch; skills_career_history_mismatch
42,CAND_0087630,0.909659,0.980913,0.863,1.0,0.0,0.0,0.927175,,Positives: career evidence for ranking/relevance systems (ranking); 3 relevant roles with 85 months of supporting experience; strong recruiter engagement and availability signals,AI Engineer,Vedantu,7.2,18,4,3,85.0,3,0,False,False,False,0.0,nan
43,CAND_0057563,0.962025,1.0,0.867897,0.7,0.3,0.0,0.926491,,"Positives: career evidence for ranking/relevance systems (ranking, relevance); career evidence for retrieval/search systems (semantic search, elasticsearch); 3 relevant roles with 80 months of supporting experience | Concerns: profile consistency concerns",NLP Engineer,Locobuzz,6.8,14,3,3,80.0,4,4,False,False,False,9.0,previous_title_description_mismatch; degree_order_reversal; graduation_after_employment_start
44,CAND_0029367,0.972486,1.0,0.686396,1.0,0.0,0.0,0.924898,,"Positives: career evidence for ranking/relevance systems (relevance); career evidence for retrieval/search systems (semantic search, elasticsearch); 3 relevant roles with 67 months of supporting experience | Concerns: longer notice period (90 days)",Senior Data Scientist,Rephrase.ai,5.7,17,6,3,67.0,2,8,False,False,False,0.0,
45,CAND_0060054,0.923252,1.0,0.830038,0.933333,0.066667,0.0,0.924804,,"Positives: career evidence for ranking/relevance systems (ranking, relevance); career evidence for retrieval/search systems (semantic search, elasticsearch); 3 relevant roles with 76 months of supporting experience",AI Engineer,Mad Street Den,6.4,10,1,3,76.0,3,4,False,False,False,2.0,previous_title_description_mismatch
46,CAND_0076904,0.950005,0.929797,0.8196,1.0,0.0,0.0,0.923871,,"Positives: career evidence for ranking/relevance systems (relevance, ranking); career evidence for retrieval/search systems (semantic search, elasticsearch); 2 relevant roles with 49 months of supporting experience | Concerns: longer notice period (90 days)",Senior Data Scientist,Nykaa,4.2,18,5,2,49.0,3,4,False,False,False,0.0,
47,CAND_0075249,0.950667,0.977706,0.8052,0.9,0.1,0.0,0.923267,,"Positives: career evidence for ranking/relevance systems (ranking, relevance); career evidence for retrieval/search systems (semantic search, elasticsearch); 2 relevant roles with 74 months of supporting experience",Applied ML Engineer,Zomato,6.2,14,2,2,74.0,2,4,False,False,False,3.0,previous_title_description_mismatch; skills_headline_mismatch
48,CAND_0007412,0.929231,1.0,0.8908,0.766667,0.233333,0.0,0.922981,,"Positives: career evidence for ranking/relevance systems (ranking, relevance); 5 relevant roles with 87 months of supporting experience; product/SaaS company experience | Concerns: longer notice period (120 days)",Applied ML Engineer,Zoho,7.4,12,2,5,87.0,3,0,False,False,False,7.0,previous_title_description_mismatch; previous_title_description_mismatch; skills_current_role_mismatch; skills_headline_mismatch
49,CAND_0040887,0.913802,0.883515,0.9656,0.966667,0.033333,0.0,0.921876,,"Positives: career evidence for ranking/relevance systems (relevance); career evidence for retrieval/search systems (semantic search, elasticsearch); 2 relevant roles with 55 months of supporting experience",Machine Learning Engineer,Netflix,4.7,12,3,2,55.0,1,4,False,False,False,1.0,skills_headline_mismatch
50,CAND_0065878,0.929857,1.0,0.766495,1.0,0.0,0.0,0.921735,,"Positives: career evidence for ranking/relevance systems (ranking, relevance); 4 relevant roles with 92 months of supporting experience; product/SaaS company experience",Senior Data Scientist,Niramai,7.8,15,6,4,92.0,7,0,False,False,False,0.0,
51,CAND_0061265,0.947075,0.957956,0.8632,0.8,0.2,0.0,0.918313,,"Positives: career evidence for ranking/relevance systems (relevance, ranking); career evidence for retrieval/search systems (semantic search, elasticsearch); 2 relevant roles with 42 months of supporting experience | Concerns: longer notice period (120 days)",Recommendation Systems Engineer,Zoho,6.6,16,4,2,42.0,3,4,False,False,False,6.0,current_title_description_mismatch; skills_current_role_mismatch; skills_career_history_mismatch
52,CAND_0011687,0.87044,0.927338,0.9722,1.0,0.0,0.0,0.917973,,Positives: career evidence for ranking/relevance systems (ranking); career evidence for retrieval/search systems (retrieval); 2 relevant roles with 92 months of supporting experience,Senior NLP Engineer,Niramai,7.8,13,5,2,92.0,2,1,False,False,False,0.0,nan
53,CAND_0043228,0.94102,0.935062,0.818348,0.933333,0.066667,0.0,0.914227,,"Positives: career evidence for ranking/relevance systems (relevance, ranking); career evidence for retrieval/search systems (semantic search, elasticsearch); 2 relevant roles with 36 months of supporting experience",Applied ML Engineer,Zoho,6.8,18,3,2,36.0,3,4,False,False,False,2.0,previous_title_description_mismatch
54,CAND_0003977,0.962942,0.947964,0.8146,0.8,0.2,0.0,0.913235,,"Positives: career evidence for ranking/relevance systems (relevance); career evidence for retrieval/search systems (semantic search, elasticsearch); 2 relevant roles with 55 months of supporting experience",Recommendation Systems Engineer,Google,4.6,13,4,2,55.0,2,8,False,False,False,6.0,current_title_description_mismatch; skills_current_role_mismatch; skills_career_history_mismatch
55,CAND_0036863,0.894249,0.974702,0.834856,1.0,0.0,0.0,0.913059,,"Positives: career evidence for ranking/relevance systems (ranking, relevance); 3 relevant roles with 51 months of supporting experience; product/SaaS company experience",Senior Data Scientist,upGrad,4.3,10,0,3,51.0,4,0,False,False,False,0.0,
56,CAND_0086151,0.966599,1.0,0.7828,0.7,0.3,0.0,0.91153,,"Positives: career evidence for ranking/relevance systems (ranking, relevance); career evidence for retrieval/search systems (semantic search, elasticsearch); 3 relevant roles with 91 months of supporting experience | Concerns: longer notice period (120 days); profile consistency concerns",Recommendation Systems Engineer,Wysa,7.7,19,3,3,91.0,4,4,False,False,False,9.0,current_title_description_mismatch; previous_title_description_mismatch; skills_current_role_mismatch; skills_headline_mismatch; skills_career_history_mismatch
57,CAND_0079064,0.907885,0.861455,0.9358,1.0,0.0,0.0,0.911072,,"Positives: career evidence for ranking/relevance systems (relevance); career evidence for retrieval/search systems (semantic search, elasticsearch); 2 relevant roles with 62 months of supporting experience | Concerns: longer notice period (120 days)",Senior Data Scientist,Niramai,5.2,14,2,2,62.0,1,4,False,False,False,0.0,
58,CAND_0070398,0.981095,1.0,0.606597,0.966667,0.033333,0.0,0.909479,,"Positives: career evidence for ranking/relevance systems (relevance, ranking); career evidence for retrieval/search systems (semantic search, elasticsearch); 3 relevant roles with 85 months of supporting experience | Concerns: longer notice period (120 days)",Machine Learning Engineer,Genpact AI,7.2,16,5,3,85.0,3,8,False,False,False,1.0,skills_headline_mismatch
59,CAND_0019480,0.894776,1.0,0.890748,0.766667,0.233333,0.0,0.907466,,Positives: career evidence for ranking/relevance systems (ranking); 4 relevant roles with 87 months of supporting experience; product/SaaS company experience | Concerns: longer notice period (90 days),NLP Engineer,Meesho,2.8,14,2,4,87.0,3,0,False,False,False,7.0,previous_title_description_mismatch; previous_title_description_mismatch; moderate_career_incoherence; skills_headline_mismatch
60,CAND_0093331,0.961909,0.884113,0.8648,0.8,0.2,0.0,0.906847,,"Positives: career evidence for ranking/relevance systems (relevance); career evidence for retrieval/search systems (semantic search, elasticsearch); 2 relevant roles with 37 months of supporting experience",NLP Engineer,Genpact AI,16.1,12,3,2,37.0,2,8,False,False,False,6.0,previous_title_description_mismatch; degree_order_reversal
61,CAND_0006567,0.884032,0.954397,0.947,0.8,0.2,0.0,0.905814,,"Positives: career evidence for ranking/relevance systems (ranking, relevance); 2 relevant roles with 68 months of supporting experience; product/SaaS company experience",Senior AI Engineer,Meta,7.9,20,2,2,68.0,5,0,False,False,False,6.0,previous_title_description_mismatch; moderate_career_incoherence; skills_current_role_mismatch
62,CAND_0030348,0.918438,0.848873,0.897,1.0,0.0,0.0,0.904915,,"Positives: career evidence for ranking/relevance systems (relevance, ranking); career evidence for retrieval/search systems (semantic search, elasticsearch); 2 relevant roles with 53 months of supporting experience",Machine Learning Engineer,BYJU'S,4.5,16,5,2,53.0,2,4,False,False,False,0.0,nan
63,CAND_0041610,0.939156,1.0,0.808146,0.7,0.3,0.0,0.904249,,"Positives: career evidence for ranking/relevance systems (ranking, relevance); 3 relevant roles with 53 months of supporting experience; product/SaaS company experience | Concerns: profile consistency concerns",Recommendation Systems Engineer,Zoho,6.7,17,4,3,53.0,4,0,False,False,False,9.0,current_title_description_mismatch; previous_title_description_mismatch; skills_current_role_mismatch; skills_headline_mismatch; skills_career_history_mismatch
64,CAND_0002025,0.879098,0.872214,0.9478,1.0,0.0,0.0,0.903208,,Positives: career evidence for ranking/relevance systems (ranking); 2 relevant roles with 70 months of supporting experience; product/SaaS company experience,Senior AI Engineer,Apple,5.9,20,5,2,70.0,2,0,False,False,False,0.0,nan
65,CAND_0075574,0.882802,1.0,0.828682,0.9,0.1,0.0,0.902997,,"Positives: career evidence for ranking/relevance systems (ranking, relevance); 3 relevant roles with 68 months of supporting experience; product/SaaS company experience",Machine Learning Engineer,Haptik,5.7,16,2,3,68.0,3,0,False,False,False,3.0,skills_current_role_mismatch; skills_headline_mismatch
66,CAND_0009691,0.915603,1.0,0.6962,1.0,0.0,0.0,0.901261,,Positives: career evidence for ranking/relevance systems (ranking); 3 relevant roles with 73 months of supporting experience; product/SaaS company experience | Concerns: longer notice period (120 days),Applied ML Engineer,LinkedIn,6.2,19,2,3,73.0,3,0,False,False,False,0.0,nan
67,CAND_0092278,0.984279,1.0,0.5372,1.0,0.0,0.0,0.900366,,"Positives: career evidence for ranking/relevance systems (ranking, ranker); career evidence for retrieval/search systems (bm25, retrieval); 3 relevant roles with 80 months of supporting experience | Concerns: longer notice period (90 days)",Senior NLP Engineer,Microsoft,6.8,17,4,3,80.0,5,2,False,False,False,0.0,nan
68,CAND_0041568,0.937875,1.0,0.802935,0.666667,0.333333,0.0,0.899297,,"Positives: career evidence for ranking/relevance systems (ranking, relevance); 3 relevant roles with 61 months of supporting experience; product/SaaS company experience | Concerns: longer notice period (90 days); profile consistency concerns",Search Engineer,Haptik,5.2,18,4,3,61.0,3,0,False,False,False,10.0,current_title_description_mismatch; previous_title_description_mismatch; moderate_career_incoherence; skills_current_role_mismatch; skills_career_history_mismatch
69,CAND_0028793,0.93157,1.0,0.8128,0.666667,0.333333,0.0,0.898433,,"Positives: career evidence for ranking/relevance systems (relevance, ranking); career evidence for retrieval/search systems (semantic search, elasticsearch); 3 relevant roles with 85 months of supporting experience | Concerns: longer notice period (120 days); profile consistency concerns",Search Engineer,Google,7.2,15,4,3,85.0,2,4,False,False,False,10.0,current_title_description_mismatch; previous_title_description_mismatch; moderate_career_incoherence; skills_current_role_mismatch; skills_career_history_mismatch
70,CAND_0000031,0.906804,1.0,0.8514,0.7,0.3,0.0,0.898342,,"Positives: career evidence for ranking/relevance systems (ranking, relevance); 4 relevant roles with 70 months of supporting experience; product/SaaS company experience | Concerns: profile consistency concerns",Recommendation Systems Engineer,Swiggy,6.0,17,3,4,70.0,5,0,False,False,False,9.0,current_title_description_mismatch; previous_title_description_mismatch; skills_current_role_mismatch; skills_headline_mismatch; skills_career_history_mismatch
71,CAND_0030468,0.846347,1.0,0.831275,1.0,0.0,0.0,0.897111,,"Positives: career evidence for ranking/relevance systems (relevance, ranking); career evidence for retrieval/search systems; 3 relevant roles with 64 months of supporting experience",Senior Applied Scientist,Swiggy,5.4,14,3,3,64.0,3,1,False,False,False,0.0,
72,CAND_0076163,0.849305,0.955871,0.878754,1.0,0.0,0.0,0.896906,,"Positives: career evidence for ranking/relevance systems (ranking, relevance); 2 relevant roles with 82 months of supporting experience; product/SaaS company experience",NLP Engineer,Ola,6.9,17,3,2,82.0,4,0,False,False,False,0.0,nan
73,CAND_0094759,0.977573,1.0,0.560636,0.933333,0.066667,0.0,0.895368,,"Positives: career evidence for ranking/relevance systems (ranker, ranking); career evidence for retrieval/search systems (bm25, retrieval); 3 relevant roles with 101 months of supporting experience",Lead AI Engineer,Meta,8.6,16,4,3,101.0,5,2,False,False,False,2.0,previous_title_description_mismatch
74,CAND_0007009,0.947704,1.0,0.760727,0.666667,0.333333,0.0,0.895279,,"Positives: career evidence for ranking/relevance systems (relevance); career evidence for retrieval/search systems (semantic search, elasticsearch); 3 relevant roles with 94 months of supporting experience | Concerns: profile consistency concerns",Recommendation Systems Engineer,Wysa,7.9,18,1,3,94.0,1,4,False,False,False,10.0,current_title_description_mismatch; previous_title_description_mismatch; previous_title_description_mismatch; skills_current_role_mismatch; skills_career_history_mismatch
75,CAND_0054123,0.927681,0.928712,0.742355,0.966667,0.033333,0.0,0.894772,,"Positives: career evidence for ranking/relevance systems (ranking, relevance); career evidence for retrieval/search systems (semantic search, elasticsearch); 2 relevant roles with 55 months of supporting experience",Applied ML Engineer,Meta,4.7,15,3,2,55.0,2,4,False,False,False,1.0,skills_headline_mismatch
76,CAND_0031593,0.884611,1.0,0.8414,0.733333,0.266667,0.0,0.889688,,"Positives: career evidence for ranking/relevance systems (ranking, relevance); 3 relevant roles with 92 months of supporting experience; product/SaaS company experience | Concerns: longer notice period (90 days); profile consistency concerns",Search Engineer,Genpact AI,7.8,16,2,3,92.0,3,0,False,False,False,8.0,current_title_description_mismatch; previous_title_description_mismatch; skills_current_role_mismatch; skills_career_history_mismatch
77,CAND_0037000,0.876553,1.0,0.858,0.733333,0.266667,0.0,0.889382,,"Positives: career evidence for ranking/relevance systems (ranking, relevance); 3 relevant roles with 75 months of supporting experience; product/SaaS company experience | Concerns: profile consistency concerns",Search Engineer,Unacademy,2.7,17,4,3,75.0,3,0,False,False,False,8.0,current_title_description_mismatch; previous_title_description_mismatch; skills_current_role_mismatch; skills_career_history_mismatch
78,CAND_0033861,0.95079,1.0,0.618735,0.866667,0.133333,0.0,0.888269,,"Positives: career evidence for ranking/relevance systems (ranking); career evidence for retrieval/search systems (semantic search, bm25); 3 relevant roles with 95 months of supporting experience",Senior NLP Engineer,Mad Street Den,8.0,23,3,3,95.0,2,3,False,False,False,4.0,degree_order_reversal
79,CAND_0006557,0.890998,0.960449,0.8002,0.866667,0.133333,0.0,0.887768,,"Positives: career evidence for ranking/relevance systems (ranking, relevance); 2 relevant roles with 94 months of supporting experience; product/SaaS company experience | Concerns: longer notice period (120 days)",NLP Engineer,Paytm,7.9,18,2,2,94.0,3,0,False,False,False,4.0,previous_title_description_mismatch; skills_current_role_mismatch
80,CAND_0051630,0.909935,1.0,0.62767,1.0,0.0,0.0,0.885005,,"Positives: career evidence for ranking/relevance systems (relevance, ranking); career evidence for retrieval/search systems (semantic search, elasticsearch); 2 relevant roles with 71 months of supporting experience | Concerns: longer notice period (90 days)",Machine Learning Engineer,Razorpay,6.0,18,4,2,71.0,3,4,False,False,False,0.0,nan
81,CAND_0070485,0.882312,1.0,0.7858,0.8,0.2,0.0,0.884201,,"Positives: career evidence for ranking/relevance systems (relevance, ranking); career evidence for retrieval/search systems (semantic search, elasticsearch); 2 relevant roles with 76 months of supporting experience | Concerns: longer notice period (120 days)",Search Engineer,Saarthi.ai,6.4,13,1,2,76.0,3,4,False,False,False,6.0,current_title_description_mismatch; skills_current_role_mismatch; skills_career_history_mismatch
82,CAND_0072660,0.890634,0.930628,0.817796,0.866667,0.133333,0.0,0.883668,,"Positives: career evidence for ranking/relevance systems (ranking, relevance); 2 relevant roles with 66 months of supporting experience; product/SaaS company experience",Machine Learning Engineer,Unacademy,7.1,18,3,2,66.0,4,0,False,False,False,4.0,degree_order_reversal
83,CAND_0070202,0.913322,0.895015,0.785312,0.9,0.1,0.0,0.881811,,"Positives: career evidence for ranking/relevance systems (ranking, relevance); 2 relevant roles with 61 months of supporting experience; product/SaaS company experience | Concerns: longer notice period (90 days)",Machine Learning Engineer,BYJU'S,5.1,15,5,2,61.0,3,0,False,False,False,3.0,previous_title_description_mismatch; skills_headline_mismatch
84,CAND_0051292,0.948282,1.0,0.585888,0.866667,0.133333,0.0,0.880571,,"Positives: career evidence for ranking/relevance systems (relevance, ranking); career evidence for retrieval/search systems (semantic search, elasticsearch); 3 relevant roles with 60 months of supporting experience",Applied ML Engineer,Freshworks,5.2,14,4,3,60.0,3,4,False,False,False,4.0,previous_title_description_mismatch; previous_title_description_mismatch
85,CAND_0027691,0.899713,0.956382,0.664243,1.0,0.0,0.0,0.876815,,"Positives: career evidence for ranking/relevance systems (relevance, ranking); career evidence for retrieval/search systems (semantic search, elasticsearch); 2 relevant roles with 49 months of supporting experience",NLP Engineer,Haptik,6.5,17,3,2,49.0,3,4,False,False,False,0.0,nan
86,CAND_0047721,0.855616,0.958103,0.758354,1.0,0.0,0.0,0.876224,,"Positives: career evidence for ranking/relevance systems (ranking, relevance); 2 relevant roles with 84 months of supporting experience; product/SaaS company experience | Concerns: longer notice period (90 days)",Senior Data Scientist,Microsoft,7.0,17,4,2,84.0,3,0,False,False,False,0.0,
87,CAND_0054394,0.915156,0.935218,0.760059,0.766667,0.233333,0.0,0.874303,,"Positives: career evidence for ranking/relevance systems (relevance, ranking); career evidence for retrieval/search systems (semantic search, elasticsearch); 2 relevant roles with 48 months of supporting experience",Recommendation Systems Engineer,PharmEasy,4.1,16,3,2,48.0,3,4,False,False,False,7.0,current_title_description_mismatch; skills_current_role_mismatch; skills_headline_mismatch; skills_career_history_mismatch
88,CAND_0020877,0.916187,0.82362,0.8634,0.833333,0.166667,0.0,0.874202,,"Positives: career evidence for ranking/relevance systems (relevance); career evidence for retrieval/search systems (semantic search, elasticsearch); 2 relevant roles with 60 months of supporting experience",Applied ML Engineer,CRED,5.1,18,2,2,60.0,1,4,False,False,False,5.0,previous_title_description_mismatch; skills_current_role_mismatch; skills_headline_mismatch
89,CAND_0096172,0.920053,0.87869,0.7488,0.9,0.1,0.0,0.873456,,"Positives: career evidence for ranking/relevance systems (relevance, ranking); career evidence for retrieval/search systems (semantic search, elasticsearch); 2 relevant roles with 61 months of supporting experience",NLP Engineer,Krutrim,5.2,15,3,2,61.0,2,4,False,False,False,3.0,skills_current_role_mismatch; skills_headline_mismatch
90,CAND_0014440,0.863,0.91557,0.879099,0.8,0.2,0.0,0.873062,,"Positives: career evidence for ranking/relevance systems (ranking, relevance); 2 relevant roles with 62 months of supporting experience; product/SaaS company experience",Recommendation Systems Engineer,CRED,6.4,12,3,2,62.0,4,0,False,False,False,6.0,current_title_description_mismatch; skills_current_role_mismatch; skills_headline_mismatch
91,CAND_0018549,0.854529,0.957308,0.8558,0.766667,0.233333,0.0,0.871692,,"Positives: career evidence for ranking/relevance systems (ranking, relevance); 2 relevant roles with 81 months of supporting experience; product/SaaS company experience",Recommendation Systems Engineer,Uber,6.8,14,3,2,81.0,3,0,False,False,False,7.0,current_title_description_mismatch; skills_current_role_mismatch; skills_headline_mismatch; skills_career_history_mismatch
92,CAND_0078492,0.870368,0.911801,0.8482,0.8,0.2,0.0,0.869256,,"Positives: career evidence for ranking/relevance systems (ranking, relevance); 2 relevant roles with 61 months of supporting experience; product/SaaS company experience",Recommendation Systems Engineer,Verloop.io,5.1,17,2,2,61.0,4,0,False,False,False,6.0,current_title_description_mismatch; skills_current_role_mismatch; skills_career_history_mismatch
93,CAND_0041611,0.986678,1.0,0.480789,0.766667,0.233333,0.0,0.866829,,"Positives: career evidence for ranking/relevance systems (ranker, ranking); career evidence for retrieval/search systems (bm25, retrieval); 3 relevant roles with 75 months of supporting experience",Staff Machine Learning Engineer,Locobuzz,6.4,18,7,3,75.0,4,5,False,False,False,7.0,previous_title_description_mismatch; signup_after_last_active
94,CAND_0011432,0.773309,0.987269,0.8502,1.0,0.0,0.0,0.864846,,Positives: career evidence for ranking/relevance systems (ranking); 3 relevant roles with 90 months of supporting experience; product/SaaS company experience,Senior Data Scientist,Amazon,7.6,15,3,3,90.0,2,0,False,False,False,0.0,
95,CAND_0061655,0.797767,0.876969,0.9642,0.933333,0.066667,0.0,0.864411,,"Positives: career evidence for ranking/relevance systems (ranking, relevance); 2 relevant roles with 54 months of supporting experience; product/SaaS company experience",Machine Learning Engineer,Krutrim,4.6,17,5,2,54.0,3,0,False,False,False,2.0,previous_title_description_mismatch
96,CAND_0036437,0.874722,0.814122,0.9308,0.8,0.2,0.0,0.863316,,"Positives: career evidence for ranking/relevance systems (ranking, relevance); 2 relevant roles with 37 months of supporting experience; product/SaaS company experience",Search Engineer,Rephrase.ai,4.8,12,1,2,37.0,4,0,False,False,False,6.0,current_title_description_mismatch; skills_current_role_mismatch; skills_career_history_mismatch
97,CAND_0026532,0.955818,0.916925,0.666846,0.7,0.3,0.0,0.862719,,"Positives: career evidence for ranking/relevance systems (relevance, ranking); career evidence for retrieval/search systems (semantic search, elasticsearch); 2 relevant roles with 56 months of supporting experience | Concerns: longer notice period (90 days); profile consistency concerns",Recommendation Systems Engineer,Zomato,4.8,16,2,2,56.0,2,4,False,False,False,9.0,current_title_description_mismatch; previous_title_description_mismatch; skills_current_role_mismatch; skills_headline_mismatch; skills_career_history_mismatch
98,CAND_0066376,0.940344,0.934733,0.659885,0.733333,0.266667,0.0,0.862149,,"Positives: career evidence for ranking/relevance systems (ranking, relevance); career evidence for retrieval/search systems (semantic search, elasticsearch); 2 relevant roles with 67 months of supporting experience | Concerns: longer notice period (90 days); profile consistency concerns",Applied ML Engineer,Dream11,5.7,17,3,2,67.0,2,4,False,False,False,8.0,previous_title_description_mismatch; salary_min_exceeds_max; skills_headline_mismatch
99,CAND_0007411,0.902081,0.924272,0.6228,1.0,0.0,0.0,0.861564,,Positives: career evidence for ranking/relevance systems (ranking); career evidence for retrieval/search systems (retrieval); 2 relevant roles with 95 months of supporting experience,Senior Machine Learning Engineer,Amazon,8.0,14,6,2,95.0,2,1,False,False,False,0.0,nan
100,CAND_0078002,0.800888,1.0,0.8312,0.833333,0.166667,0.0,0.859973,,Positives: career evidence for ranking/relevance systems (ranking); 3 relevant roles with 74 months of supporting experience; product/SaaS company experience,Machine Learning Engineer,Meta,6.3,16,5,3,74.0,3,0,False,False,False,5.0,degree_order_reversal; skills_headline_mismatch
